IndexName,Age,Fare,IsAlone,Pclass_2,Pclass_3,Sex_male,SibSp_2 hermanos,SibSp_3 o más hermanos,SibSp_Sin hermanos,Parch_2 padres/hijos,Parch_3 o más padres/hijos,Parch_Sin padres/hijos,Embarked_Q,Embarked_S,Title_Miss,Title_Mr,Title_Mrs,Title_Rare_Title,Cabin_num_Cabinas_extremos,Cabin_num_Cabinas_mitad,Cabin_num_Missing,Cabin_category_Cabinas_clase_media,Cabin_category_Cabinas_clase_media_baja,Cabin_category_Cabinas_economicas,Cabin_category_Missing,Fare_0
692,0.4861188922772403,0.8057235455271592,1,0,1,1,0,0,1,0,0,1,0,1,0,1,0,0,0,0,1,0,0,0,1,0
481,0.5359516530073511,1.0000000000000002,1,1,0,1,0,0,1,0,0,1,0,1,0,1,0,0,0,0,1,0,0,0,1,1
527,0.6437841899509038,0.9416611795855367,1,0,0,1,0,0,1,0,0,1,0,1,0,1,0,0,0,1,0,1,0,0,0,0
855,0.2800853164613411,0.3859742919487066,0,0,1,0,0,0,1,0,0,0,0,1,0,0,1,0,0,0,1,0,0,0,1,0
801,0.48720187584686075,0.6737065294036662,0,1,0,0,0,0,0,0,0,0,0,1,0,0,1,0,0,0,1,0,0,0,1,0
652,0.3278814455503072,0.347609062628784,1,0,1,1,0,0,1,0,0,1,0,1,0,1,0,0,0,0,1,0,0,0,1,0
509,0.40754166069858394,0.8057235455271592,1,0,1,1,0,0,1,0,0,1,0,1,0,1,0,0,0,0,1,0,0,0,1,0
557,0.6710470005453771,0.9433822348708973,1,0,0,1,0,0,1,0,0,1,0,0,0,1,0,0,0,0,1,0,0,0,1,0
828,0.5591025001137525,0.3145960637705951,1,0,1,1,0,0,1,0,0,1,1,0,0,1,0,0,0,0,1,0,0,0,1,0
18,0.48720187584686075,0.5862175451185223,0,0,1,0,0,0,0,0,0,1,0,1,0,0,1,0,0,0,1,0,0,0,1,0
647,0.8855029515882445,0.732158958251349,1,0,0,1,0,0,1,0,0,1,0,0,0,0,0,1,0,0,0,0,0,0,0,0
402,0.3278814455503072,0.4036670438393537,0,0,1,0,0,0,0,0,0,1,0,1,1,0,0,0,0,0,1,0,0,0,1,0
846,0.2792601186826424,0.8332172469856269,0,0,1,1,0,1,0,1,0,0,0,1,0,1,0,0,0,0,1,0,0,0,1,0
467,0.8855029515882445,0.676080216354138,1,0,0,1,0,0,1,0,0,1,0,1,0,1,0,0,0,0,1,0,0,0,1,0
51,0.3278814455503072,0.3171608789621785,1,0,1,1,0,0,1,0,0,1,0,1,0,1,0,0,0,0,1,0,0,0,1,0
412,0.5190659619061714,0.8633656675196095,0,0,0,0,0,0,0,0,0,1,1,0,1,0,0,0,0,1,0,1,0,0,0,0
421,0.3278814455503072,0.31373377139228853,1,0,1,1,0,0,1,0,0,1,1,0,0,1,0,0,0,0,1,0,0,0,1,0
250,0.4763196590240046,0.287476810085727,1,0,1,1,0,0,1,0,0,1,0,1,0,1,0,0,0,0,1,0,0,0,1,0
818,0.6783863922027249,0.23756041583488696,1,0,1,1,0,0,1,0,0,1,0,1,0,1,0,0,0,0,1,0,0,0,1,0
409,0.16721801215979545,0.667308416248896,0,0,1,0,0,1,0,0,0,0,0,1,1,0,0,0,0,0,1,0,0,0,1,0
253,0.4712698328172054,0.5568236834129612,0,0,1,1,0,0,0,0,0,1,0,1,0,1,0,0,0,0,1,0,0,0,1,0
218,0.503133918876516,0.8445142023583452,1,0,0,0,0,0,1,0,0,1,0,0,1,0,0,0,0,0,0,0,1,0,0,0
256,0.736638965210689,0.8489277029618167,1,0,0,0,0,0,1,0,0,1,0,0,0,0,1,0,0,0,1,0,0,0,1,0
226,0.2960173594909965,0.42667428000128393,1,1,0,1,0,0,1,0,0,1,0,1,0,1,0,0,0,0,1,0,0,0,1,0
294,0.37567757463927326,0.32200552094875246,1,0,1,1,0,0,1,0,0,1,0,1,0,1,0,0,0,0,1,0,0,0,1,0
706,0.7102504782620357,0.5067332683152159,1,1,0,0,0,0,1,0,0,1,0,1,0,0,1,0,0,0,1,0,0,0,1,0
753,0.3597455316096179,0.32200552094875246,1,0,1,1,0,0,1,0,0,1,0,1,0,1,0,0,0,0,1,0,0,0,1,0
197,0.6624543491730696,0.34628730506478944,0,0,1,1,0,0,1,0,0,0,0,1,0,1,0,0,0,0,1,0,0,0,1,0
835,0.6146582200841035,0.8545514352479839,0,0,0,0,0,0,0,0,0,0,0,0,1,0,0,0,0,0,0,0,1,0,0,0
220,0.24822123040203042,0.32961758610016756,1,0,1,1,0,0,1,0,0,1,0,1,0,1,0,0,0,0,1,0,0,0,1,0
739,0.4769725428118631,0.32200552094875246,1,0,1,1,0,0,1,0,0,1,0,1,0,1,0,0,0,0,1,0,0,0,1,0
33,1.0,0.42667428000128393,1,1,0,1,0,0,1,0,0,1,0,1,0,1,0,0,0,0,1,0,0,0,1,0
430,0.4394057467578947,0.676080216354138,1,0,0,1,0,0,1,0,0,1,0,1,0,1,0,0,0,1,0,1,0,0,0,0
150,0.8058427364399677,0.4839567137206282,1,1,0,1,0,0,1,0,0,1,0,1,0,0,0,1,0,0,1,0,0,0,1,0
586,0.7421145643213464,0.5372564449265009,1,1,0,1,0,0,1,0,0,1,0,1,0,1,0,0,0,0,1,0,0,0,1,0
204,0.2800853164613411,0.32961758610016756,1,0,1,1,0,0,1,0,0,1,0,1,0,1,0,0,0,0,1,0,0,0,1,0
344,0.5668620909951374,0.4953792686782992,1,1,0,1,0,0,1,0,0,1,0,1,0,1,0,0,0,0,1,0,0,0,1,0
747,0.4712698328172054,0.4953792686782992,1,1,0,0,0,0,1,0,0,1,0,1,1,0,0,0,0,0,1,0,0,0,1,0
323,0.3438134885799626,0.6940394566434944,0,1,0,0,0,0,0,0,0,0,0,1,0,0,1,0,0,0,1,0,0,0,1,0
264,0.4051537839565513,0.3145960637705951,1,0,1,0,0,0,1,0,0,1,1,0,1,0,0,0,0,0,1,0,0,0,1,0
134,0.3916096176689286,0.4953792686782992,1,1,0,1,0,0,1,0,0,1,0,1,0,1,0,0,0,0,1,0,0,0,1,0
832,0.4533080001589456,0.28628686568721706,1,0,1,1,0,0,1,0,0,1,0,0,0,1,0,0,0,0,1,0,0,0,1,0
190,0.503133918876516,0.4953792686782992,1,1,0,0,0,0,1,0,0,1,0,1,0,0,1,0,0,0,1,0,0,0,1,0
107,0.47685674952041646,0.31588162393278685,1,0,1,1,0,0,1,0,0,1,0,1,0,1,0,0,0,0,1,0,0,0,1,0
192,0.2960173594909965,0.31991289378891885,0,0,1,0,0,0,0,0,0,1,0,1,1,0,0,0,0,0,1,0,0,0,1,0
449,0.8217747794696231,0.7039302111663919,1,0,0,1,0,0,1,0,0,1,0,1,0,0,0,1,1,0,0,1,0,0,0,0
96,1.0,0.7278250096184518,1,0,0,1,0,0,1,0,0,1,0,0,0,1,0,0,0,0,0,0,0,0,0,0
382,0.503133918876516,0.32346434167809823,1,0,1,1,0,0,1,0,0,1,0,1,0,1,0,0,0,0,1,0,0,0,1,0
715,0.2960173594909965,0.30938973155734373,1,0,1,1,0,0,1,0,0,1,0,1,0,1,0,0,0,1,0,0,0,1,0,0
364,0.4862686277614283,0.5464137672520626,0,0,1,1,0,0,0,0,0,1,1,0,0,1,0,0,0,0,1,0,0,0,1,0
474,0.3438134885799626,0.4041149304230647,1,0,1,0,0,0,1,0,0,1,0,1,1,0,0,0,0,0,1,0,0,0,1,0
434,0.7899106934103124,0.804238676692145,0,0,0,1,0,0,0,0,0,1,0,1,0,1,0,0,0,0,0,0,1,0,0,0
63,0.05703671404616617,0.6862746843878003,0,0,1,1,0,1,0,1,0,0,0,1,0,0,0,0,0,0,1,0,0,0,1,0
763,0.5668620909951374,0.8924978958669623,0,0,0,0,0,0,0,1,0,0,0,1,0,0,1,0,0,1,0,1,0,0,0,0
748,0.2960173594909965,0.7969223135450088,0,0,0,1,0,0,0,0,0,1,0,1,0,1,0,0,0,0,0,0,1,0,0,0
842,0.4712698328172054,0.707063454075306,1,0,0,0,0,0,1,0,0,1,0,0,1,0,0,0,0,0,1,0,0,0,1,0
643,0.4861188922772403,0.8057235455271592,1,0,1,1,0,0,1,0,0,1,0,1,0,1,0,0,0,0,1,0,0,0,1,0
365,0.4712698328172054,0.287476810085727,1,0,1,1,0,0,1,0,0,1,0,1,0,1,0,0,0,0,1,0,0,0,1,0
494,0.3278814455503072,0.32961758610016756,1,0,1,1,0,0,1,0,0,1,0,1,0,1,0,0,0,0,1,0,0,0,1,0
308,0.4712698328172054,0.6544796330068141,0,1,0,1,0,0,0,0,0,1,0,0,0,1,0,0,0,0,1,0,0,0,1,0
651,0.2800853164613411,0.6450239434888265,0,1,0,0,0,0,1,0,0,0,0,1,1,0,0,0,0,0,1,0,0,0,1,0
302,0.2960173594909965,1.0000000000000002,1,0,1,1,0,0,1,0,0,1,0,1,0,1,0,0,0,0,1,0,0,0,1,1
716,0.5987261770544482,0.9433822348708973,1,0,0,0,0,0,1,0,0,1,0,0,1,0,0,0,0,0,0,1,0,0,0,0
819,0.1526289722240983,0.6862746843878003,0,0,1,1,0,1,0,1,0,0,0,1,0,0,0,0,0,0,1,0,0,0,1,0
732,0.5359516530073511,1.0000000000000002,1,1,0,1,0,0,1,0,0,1,0,1,0,1,0,0,0,0,1,0,0,0,1,1
251,0.45533778978755,0.4254559211099267,0,0,1,0,0,0,0,0,0,0,0,1,0,0,1,0,0,0,0,0,0,1,0,0
154,0.47638667740968527,0.2910211751085836,1,0,1,1,0,0,1,0,0,1,0,1,0,1,0,0,0,0,1,0,0,0,1,0
403,0.4394057467578947,0.5525594845424404,0,0,1,1,0,0,0,0,0,1,0,1,0,1,0,0,0,0,1,0,0,0,1,0
610,0.6146582200841035,0.7087540026957675,0,0,1,0,0,0,0,0,1,0,0,1,0,0,1,0,0,0,1,0,0,0,1,0
205,0.02517262798685546,0.4254559211099267,0,0,1,0,0,0,1,0,0,0,0,1,1,0,0,0,0,0,0,0,0,1,0,0
219,0.4712698328172054,0.42667428000128393,1,1,0,1,0,0,1,0,0,1,0,1,0,1,0,0,0,0,1,0,0,0,1,0
693,0.3916096176689286,0.28604595301181557,1,0,1,1,0,0,1,0,0,1,0,0,0,1,0,0,0,0,1,0,0,0,1,0
686,0.21635714434271971,0.7514958619888308,0,0,1,1,0,1,0,0,0,0,0,1,0,1,0,0,0,0,1,0,0,0,1,0
383,0.5509300479654821,0.7938844272404473,0,0,0,0,0,0,0,0,0,1,0,1,0,0,1,0,0,0,1,0,0,0,1,0
550,0.26415327343168576,0.8849330311574193,0,0,0,1,0,0,1,1,0,0,0,0,0,1,0,0,0,1,0,1,0,0,0,0
468,0.5590780719913877,0.3133041469091975,1,0,1,1,0,0,1,0,0,1,1,0,0,1,0,0,0,0,1,0,0,0,1,0
654,0.2800853164613411,0.2573370530719967,1,0,1,0,0,0,1,0,0,1,1,0,1,0,0,0,0,0,1,0,0,0,1,0
649,0.3597455316096179,0.3040782835130933,1,0,1,0,0,0,1,0,0,1,0,1,1,0,0,0,0,0,1,0,0,0,1,0
482,0.7899106934103124,0.32961758610016756,1,0,1,1,0,0,1,0,0,1,0,1,0,1,0,0,0,0,1,0,0,0,1,0
742,0.3278814455503072,0.9525566550655931,0,0,0,0,1,0,0,1,0,0,0,0,1,0,0,0,0,1,0,1,0,0,0,0
195,0.9173670376475552,0.9102634163981531,1,0,0,0,0,0,1,0,0,1,0,0,1,0,0,0,0,1,0,1,0,0,0,0
43,0.041104671016510816,0.7592393101761981,0,1,0,0,0,0,0,1,0,0,0,0,1,0,0,0,0,0,1,0,0,0,1,0
446,0.20042510131306435,0.606264889768843,0,1,0,0,0,0,1,0,0,0,0,1,1,0,0,0,0,0,1,0,0,0,1,0
626,0.9014349946178999,0.47957993811337474,1,1,0,1,0,0,1,0,0,1,1,0,0,0,0,1,0,0,1,0,0,0,1,0
791,0.24822123040203042,0.6716965425326258,1,1,0,1,0,0,1,0,0,1,0,1,0,1,0,0,0,0,1,0,0,0,1,0
32,0.4051537839565513,0.3145960637705951,1,0,1,0,0,0,1,0,0,1,1,0,1,0,0,0,0,0,1,0,0,0,1,0
684,0.949231123706866,0.7485402867068955,0,1,0,1,0,0,0,0,0,0,0,1,0,1,0,0,0,0,1,0,0,0,1,0
373,0.3438134885799626,0.9036152912982145,1,0,0,1,0,0,1,0,0,1,0,0,0,1,0,0,0,0,1,0,0,0,1,0
418,0.4712698328172054,0.4953792686782992,1,1,0,1,0,0,1,0,0,1,0,1,0,1,0,0,0,0,1,0,0,0,1,0
844,0.26415327343168576,0.3577812173392909,1,0,1,1,0,0,1,0,0,1,0,1,0,1,0,0,0,0,1,0,0,0,1,0
794,0.3916096176689286,0.32200552094875246,1,0,1,1,0,0,1,0,0,1,0,1,0,1,0,0,0,0,1,0,0,0,1,0
821,0.42347370372823934,0.3577812173392909,1,0,1,1,0,0,1,0,0,1,0,1,0,1,0,0,0,0,1,0,0,0,1,0
179,0.5668620909951374,1.0000000000000002,1,0,1,1,0,0,1,0,0,1,0,1,0,1,0,0,0,0,1,0,0,0,1,1
415,0.5444944268062527,0.32961758610016756,1,0,1,0,0,0,1,0,0,1,0,1,0,0,1,0,0,0,1,0,0,0,1,0
367,0.5206859519356166,0.28628686568721706,1,0,1,0,0,0,1,0,0,1,0,0,0,0,1,0,0,0,1,0,0,0,1,0
713,0.45533778978755,0.3910759880119383,1,0,1,1,0,0,1,0,0,1,0,1,0,1,0,0,0,0,1,0,0,0,1,0
537,0.4712698328172054,0.880877448394936,1,0,0,0,0,0,1,0,0,1,0,0,1,0,0,0,0,0,1,0,0,0,1,0
77,0.4771164750295817,0.32961758610016756,1,0,1,1,0,0,1,0,0,1,0,1,0,1,0,0,0,0,1,0,0,0,1,0
155,0.8058427364399677,0.8170520982823763,0,0,0,1,0,0,1,0,0,0,0,0,0,1,0,0,0,0,1,0,0,0,1,0
156,0.24822123040203042,0.31373377139228853,1,0,1,0,0,0,1,0,0,1,1,0,1,0,0,0,0,0,1,0,0,0,1,0
368,0.4051537839565513,0.3145960637705951,1,0,1,0,0,0,1,0,0,1,1,0,1,0,0,0,0,0,1,0,0,0,1,0
381,0.009240584957200107,0.5506801623503952,0,0,1,0,0,0,1,1,0,0,0,0,1,0,0,0,0,0,1,0,0,0,1,0
395,0.3438134885799626,0.3169464025872377,1,0,1,1,0,0,1,0,0,1,0,1,0,1,0,0,0,0,1,0,0,0,1,0
128,0.13298033572657772,0.6386182659061213,0,0,1,0,0,0,0,0,0,0,0,0,1,0,0,0,0,1,0,0,0,1,0,0
278,0.10483284313513223,0.694893338375969,0,0,1,1,0,1,0,0,0,0,1,0,0,0,0,0,0,0,1,0,0,0,1,0
298,0.6855828575402908,0.7039302111663919,1,0,0,1,0,0,1,0,0,1,0,1,0,1,0,0,1,0,0,1,0,0,0,0
214,0.4818853184353997,0.3145960637705951,0,0,1,1,0,0,0,0,0,1,1,0,0,1,0,0,0,0,1,0,0,0,1,0
809,0.5190659619061714,0.7969223135450088,0,0,0,0,0,0,0,0,0,1,0,1,0,0,1,0,0,0,0,0,1,0,0,0
50,0.10483284313513223,0.7514958619888308,0,0,1,1,0,1,0,0,0,0,0,1,0,0,0,0,0,0,1,0,0,0,1,0
890,0.503133918876516,0.3145960637705951,1,0,1,1,0,0,1,0,0,1,1,0,0,1,0,0,0,0,1,0,0,0,1,0
723,0.7899106934103124,0.4953792686782992,1,1,0,1,0,0,1,0,0,1,0,1,0,1,0,0,0,0,1,0,0,0,1,0
232,0.9332990806772106,0.5067332683152159,1,1,0,1,0,0,1,0,0,1,0,1,0,1,0,0,0,0,1,0,0,0,1,0
34,0.4394057467578947,0.8531873062252948,0,0,0,1,0,0,0,0,0,1,0,0,0,1,0,0,0,0,1,0,0,0,1,0
45,0.4771164750295817,0.32961758610016756,1,0,1,1,0,0,1,0,0,1,0,1,0,1,0,0,0,0,1,0,0,0,1,0
694,0.949231123706866,0.676080216354138,1,0,0,1,0,0,1,0,0,1,0,1,0,0,0,1,0,0,1,0,0,0,1,0
114,0.26415327343168576,0.5267935040867766,1,0,1,0,0,0,1,0,0,1,0,0,1,0,0,0,0,0,1,0,0,0,1,0
122,0.5110999403913438,0.7011773186304873,0,1,0,1,0,0,0,0,0,1,0,0,0,1,0,0,0,0,1,0,0,0,1,0
627,0.3278814455503072,0.8470741695146244,1,0,0,0,0,0,1,0,0,1,0,1,1,0,0,0,0,0,0,0,1,0,0,0
261,0.041104671016510816,0.7094390548636458,0,0,1,1,0,1,0,1,0,0,0,1,0,0,0,0,0,0,1,0,0,0,1,0
238,0.2960173594909965,0.42667428000128393,1,1,0,1,0,0,1,0,0,1,0,1,0,1,0,0,0,0,1,0,0,0,1,0
437,0.37567757463927326,0.5965478046048884,0,1,0,0,1,0,0,0,1,0,0,1,0,0,1,0,0,0,1,0,0,0,1,0
585,0.2800853164613411,0.8495885044350155,0,0,0,0,0,0,1,1,0,0,0,1,1,0,0,0,0,1,0,0,1,0,0,0
796,0.773978650380657,0.6711219362962373,1,0,0,0,0,0,1,0,0,1,0,1,0,0,0,1,0,0,0,0,1,0,0,0
254,0.6465223061434142,0.6149810388682784,0,0,1,0,0,0,1,1,0,0,0,1,0,0,1,0,0,0,1,0,0,0,1,0
286,0.4712698328172054,0.3917074089857504,1,0,1,1,0,0,1,0,0,1,0,1,0,1,0,0,0,0,1,0,0,0,1,0
94,0.9332990806772106,0.287476810085727,1,0,1,1,0,0,1,0,0,1,0,1,0,1,0,0,0,0,1,0,0,0,1,0
691,0.05703671404616617,0.5048866974282475,0,0,1,0,0,0,1,0,0,0,0,0,1,0,0,0,0,0,1,0,0,0,1,0
140,0.3726341901792316,0.5418155693477047,0,0,1,0,0,0,1,1,0,0,0,0,0,0,1,0,0,0,1,0,0,0,1,0
406,0.8058427364399677,0.3145960637705951,1,0,1,1,0,0,1,0,0,1,0,1,0,1,0,0,0,0,1,0,0,0,1,0
440,0.7102504782620357,0.6737065294036662,0,1,0,0,0,0,0,0,0,0,0,1,0,0,1,0,0,0,1,0,0,0,1,0
424,0.2800853164613411,0.6149810388682784,0,0,1,1,0,0,0,0,0,0,0,1,0,1,0,0,0,0,1,0,0,0,1,0
792,0.12531140252544107,0.8332172469856269,0,0,1,0,0,1,0,1,0,0,0,1,1,0,0,0,0,0,1,0,0,0,1,0
612,0.332319911604227,0.5464137672520626,0,0,1,0,0,0,0,0,0,1,1,0,1,0,0,0,0,0,1,0,0,0,1,0
848,0.4394057467578947,0.7188625477715789,0,1,0,1,0,0,1,0,0,0,0,1,0,0,0,1,0,0,1,0,0,0,1,0
152,0.8775369300734168,0.32961758610016756,1,0,1,1,0,0,1,0,0,1,0,1,0,1,0,0,0,0,1,0,0,0,1,0
118,0.37567757463927326,0.9488882545872241,0,0,0,1,0,0,1,0,0,0,0,0,0,1,0,0,0,1,0,1,0,0,0,0
633,0.679156360726561,1.0000000000000002,1,0,0,1,0,0,1,0,0,1,0,1,0,1,0,0,0,0,1,0,0,0,1,1
347,0.4715733562114148,0.5568236834129612,0,0,1,0,0,0,0,0,0,1,0,1,0,0,1,0,0,0,1,0,0,0,1,0
783,0.3333698454244816,0.6493552815316768,0,0,1,1,0,0,0,1,0,0,0,1,0,1,0,0,0,0,1,0,0,0,1,0
159,0.0296755068788219,0.8332172469856269,0,0,1,1,0,1,0,1,0,0,0,1,0,0,0,0,0,0,1,0,0,0,1,0
133,0.45533778978755,0.6716965425326258,0,1,0,0,0,0,0,0,0,1,0,1,0,0,1,0,0,0,1,0,0,0,1,0
268,0.9173670376475552,0.9141206859844375,0,0,0,0,0,0,1,0,0,0,0,1,0,0,1,0,1,0,0,1,0,0,0,0
2,0.40754166069858394,0.32346434167809823,1,0,1,0,0,0,1,0,0,1,0,1,1,0,0,0,0,0,1,0,0,0,1,0
523,0.6943184352323803,0.8093186599722915,0,0,0,0,0,0,1,0,0,0,0,0,0,0,1,0,0,0,0,1,0,0,0,0
598,0.4533034448779598,0.28604595301181557,1,0,1,1,0,0,1,0,0,1,0,0,0,1,0,0,0,0,1,0,0,0,1,0
769,0.503133918876516,0.3443809930220163,1,0,1,1,0,0,1,0,0,1,0,1,0,1,0,0,0,0,1,0,0,0,1,0
619,0.40754166069858394,0.42667428000128393,1,1,0,1,0,0,1,0,0,1,0,1,0,1,0,0,0,0,1,0,0,0,1,0
574,0.24822123040203042,0.32961758610016756,1,0,1,1,0,0,1,0,0,1,0,1,0,1,0,0,0,0,1,0,0,0,1,0
379,0.2960173594909965,0.31588162393278685,1,0,1,1,0,0,1,0,0,1,0,1,0,1,0,0,0,0,1,0,0,0,1,0
656,0.4769725428118631,0.32200552094875246,1,0,1,1,0,0,1,0,0,1,0,1,0,1,0,0,0,0,1,0,0,0,1,0
771,0.7580466073510017,0.31991289378891885,1,0,1,1,0,0,1,0,0,1,0,1,0,1,0,0,0,0,1,0,0,0,1,0
260,0.5591025001137525,0.3145960637705951,1,0,1,1,0,0,1,0,0,1,1,0,0,1,0,0,0,0,1,0,0,0,1,0
480,0.13669692919444293,0.7784019316021205,0,0,1,1,0,1,0,1,0,0,0,1,0,0,0,0,0,0,1,0,0,0,1,0
230,0.5509300479654821,0.8549836897073944,0,0,0,0,0,0,0,0,0,1,0,1,0,0,1,0,0,1,0,1,0,0,0,0
125,0.184493058283409,0.44948089554368886,0,0,1,1,0,0,0,0,0,1,0,0,0,0,0,0,0,0,1,0,0,0,1,0
396,0.48720187584686075,0.31991289378891885,1,0,1,0,0,0,1,0,0,1,0,1,1,0,0,0,0,0,1,0,0,0,1,0
866,0.42347370372823934,0.5144815735368946,0,1,0,0,0,0,0,0,0,1,0,0,1,0,0,0,0,0,1,0,0,0,1,0
779,0.6783863922027249,0.9383521618768709,0,0,0,0,0,0,1,0,0,0,0,1,0,0,1,0,0,0,0,1,0,0,0,0
767,0.4792358543320331,0.3145960637705951,1,0,1,0,0,0,1,0,0,1,1,0,1,0,0,0,0,0,1,0,0,0,1,0
461,0.5349980049358267,0.32961758610016756,1,0,1,1,0,0,1,0,0,1,0,1,0,1,0,0,0,0,1,0,0,0,1,0
466,0.5359516530073511,1.0000000000000002,1,1,0,1,0,0,1,0,0,1,0,1,0,1,0,0,0,0,1,0,0,0,1,1
734,0.3597455316096179,0.4953792686782992,1,1,0,1,0,0,1,0,0,1,0,1,0,1,0,0,0,0,1,0,0,0,1,0
394,0.37567757463927326,0.5666567560661704,0,0,1,0,0,0,1,1,0,0,0,1,0,0,1,0,0,0,0,0,0,1,0,0
705,0.6146582200841035,0.6716965425326258,1,1,0,1,0,0,1,0,0,1,0,1,0,1,0,0,0,0,1,0,0,0,1,0
345,0.37567757463927326,0.4953792686782992,1,1,0,0,0,0,1,0,0,1,0,1,1,0,0,0,0,0,0,0,0,1,0,0
552,0.5591790994998462,0.3186471339670085,1,0,1,1,0,0,1,0,0,1,1,0,0,1,0,0,0,0,1,0,0,0,1,0
469,0.0052575741997862675,0.6031966588451136,0,0,1,0,1,0,0,0,0,0,0,0,1,0,0,0,0,0,1,0,0,0,1,0
722,0.5349980049358267,0.4953792686782992,1,1,0,1,0,0,1,0,0,1,0,1,0,1,0,0,0,0,1,0,0,0,1,0
350,0.3597455316096179,0.3810881748892503,1,0,1,1,0,0,1,0,0,1,0,1,0,1,0,0,0,0,1,0,0,0,1,0
432,0.6624543491730696,0.6716965425326258,0,1,0,0,0,0,0,0,0,1,0,1,0,0,1,0,0,0,1,0,0,0,1,0
5,0.5597480901946662,0.3487390363094256,1,0,1,1,0,0,1,0,0,1,1,0,0,1,0,0,0,0,1,0,0,0,1,0
588,0.3438134885799626,0.32961758610016756,1,0,1,1,0,0,1,0,0,1,0,1,0,1,0,0,0,0,1,0,0,0,1,0
78,0.0065321376421586955,0.6940394566434944,0,1,0,1,0,0,1,1,0,0,0,1,0,0,0,0,0,0,1,0,0,0,1,0
235,0.3226848507013091,0.3040782835130933,1,0,1,0,0,0,1,0,0,1,0,1,1,0,0,0,0,0,1,0,0,0,1,0
695,0.8217747794696231,0.5067332683152159,1,1,0,1,0,0,1,0,0,1,0,1,0,1,0,0,0,0,1,0,0,0,1,0
721,0.26415327343168576,0.2760637286128371,0,0,1,1,0,0,0,0,0,1,0,1,0,1,0,0,0,0,1,0,0,0,1,0
453,0.773978650380657,0.8622707503763991,0,0,0,1,0,0,0,0,0,1,0,0,0,1,0,0,0,1,0,1,0,0,0,0
414,0.6943184352323803,0.32346434167809823,1,0,1,1,0,0,1,0,0,1,0,1,0,1,0,0,0,0,1,0,0,0,1,0
751,0.08890080010547688,0.48271579071840764,0,0,1,1,0,0,1,0,0,0,0,1,0,0,0,0,1,0,0,0,1,0,0,0
545,1.0,0.6716965425326258,1,0,0,1,0,0,1,0,0,1,0,1,0,1,0,0,0,0,1,0,0,0,1,0
807,0.2800853164613411,0.31588162393278685,1,0,1,0,0,0,1,0,0,1,0,1,1,0,0,0,0,0,1,0,0,0,1,0
575,0.2960173594909965,0.5276201223063801,1,0,1,1,0,0,1,0,0,1,0,1,0,1,0,0,0,0,1,0,0,0,1,0
93,0.40754166069858394,0.6192374420660116,0,0,1,1,0,0,0,1,0,0,0,1,0,1,0,0,0,0,1,0,0,0,1,0
314,0.6783863922027249,0.6737065294036662,0,1,0,1,0,0,0,0,0,0,0,1,0,1,0,0,0,0,1,0,0,0,1,0
517,0.5655550037838185,0.6558461265070143,1,0,1,1,0,0,1,0,0,1,1,0,0,1,0,0,0,0,1,0,0,0,1,0
816,0.3597455316096179,0.32346434167809823,1,0,1,0,0,0,1,0,0,1,0,1,1,0,0,0,0,0,1,0,0,0,1,0
266,0.24822123040203042,0.7514958619888308,0,0,1,1,0,1,0,0,0,0,0,1,0,1,0,0,0,0,1,0,0,0,1,0
540,0.5668620909951374,0.8357848861092683,0,0,0,0,0,0,1,1,0,0,0,1,1,0,0,0,0,0,0,1,0,0,0,0
356,0.3438134885799626,0.8019491925606854,0,0,0,0,0,0,1,0,0,0,0,1,1,0,0,0,0,0,0,0,1,0,0,0
877,0.2960173594909965,0.32200552094875246,1,0,1,1,0,0,1,0,0,1,0,1,0,1,0,0,0,0,1,0,0,0,1,0
358,0.405278134207029,0.32117250803883346,1,0,1,0,0,0,1,0,0,1,1,0,1,0,0,0,0,0,1,0,0,0,1,0
873,0.7421145643213464,0.37203296612224124,1,0,1,1,0,0,1,0,0,1,0,1,0,1,0,0,0,0,1,0,0,0,1,0
161,0.6305902631137589,0.5508248904882114,1,1,0,0,0,0,1,0,0,1,0,1,0,0,1,0,0,0,1,0,0,0,1,0
113,0.31194940252065184,0.4036670438393537,0,0,1,0,0,0,0,0,0,1,0,1,1,0,0,0,0,0,1,0,0,0,1,0
518,0.5668620909951374,0.6716965425326258,0,1,0,0,0,0,0,0,0,1,0,1,0,0,1,0,0,0,1,0,0,0,1,0
175,0.2800853164613411,0.31991289378891885,0,0,1,1,0,0,0,0,0,0,0,1,0,1,0,0,0,0,1,0,0,0,1,0
757,0.2800853164613411,0.4568906741563654,1,1,0,1,0,0,1,0,0,1,0,1,0,1,0,0,0,0,1,0,0,0,1,0
74,0.503133918876516,0.8057235455271592,1,0,1,1,0,0,1,0,0,1,0,1,0,1,0,0,0,0,1,0,0,0,1,0
130,0.5190659619061714,0.32200552094875246,1,0,1,1,0,0,1,0,0,1,0,0,0,1,0,0,0,0,1,0,0,0,1,0
604,0.5509300479654821,0.676080216354138,1,0,0,1,0,0,1,0,0,1,0,0,0,1,0,0,0,0,1,0,0,0,1,0
438,1.0,0.9527040256120045,0,0,0,1,0,0,0,0,1,0,0,1,0,1,0,0,0,0,0,1,0,0,0,0
262,0.8217747794696231,0.8495885044350155,0,0,0,1,0,0,0,0,0,0,0,1,0,1,0,0,0,1,0,0,1,0,0,0
858,0.37567757463927326,0.6031966588451136,0,0,1,0,0,0,1,0,1,0,0,0,0,0,1,0,0,0,1,0,0,0,1,0
326,0.9651631667365214,0.22267980219272387,1,0,1,1,0,0,1,0,0,1,0,1,0,1,0,0,0,0,1,0,0,0,1,0
234,0.37567757463927326,0.42667428000128393,1,1,0,1,0,0,1,0,0,1,0,1,0,1,0,0,0,0,1,0,0,0,1,0
668,0.6783863922027249,0.32961758610016756,1,0,1,1,0,0,1,0,0,1,0,1,0,1,0,0,0,0,1,0,0,0,1,0
516,0.5349980049358267,0.42667428000128393,1,1,0,0,0,0,1,0,0,1,0,1,0,0,1,0,0,0,0,0,0,1,0,0
483,0.9970272527958319,0.3949882193436012,1,0,1,0,0,0,1,0,0,1,0,1,0,0,1,0,0,0,1,0,0,0,1,0
641,0.37567757463927326,0.8327662660311703,1,0,0,0,0,0,1,0,0,1,0,0,0,0,0,1,0,0,0,1,0,0,0,0
1,0.5987261770544482,0.8362772027306802,0,0,0,0,0,0,0,0,0,1,0,0,0,0,1,0,0,1,0,1,0,0,0,0
491,0.3278814455503072,0.287476810085727,1,0,1,1,0,0,1,0,0,1,0,1,0,1,0,0,0,0,1,0,0,0,1,0
856,0.7102504782620357,0.9199105711813569,0,0,0,0,0,0,0,0,0,0,0,1,0,0,1,0,0,0,1,0,0,0,1,0
86,0.24822123040203042,0.7263586828904451,0,0,1,1,0,0,0,0,1,0,0,1,0,1,0,0,0,0,1,0,0,0,1,0
664,0.31194940252065184,0.32346434167809823,0,0,1,1,0,0,0,0,0,1,0,1,0,1,0,0,0,0,1,0,0,0,1,0
181,0.5201808009377035,0.5381930678004709,1,1,0,1,0,0,1,0,0,1,0,0,0,1,0,0,0,0,1,0,0,0,1,0
638,0.6465223061434142,0.7514958619888308,0,0,1,0,0,0,1,0,1,0,0,1,0,0,1,0,0,0,1,0,0,0,1,0
213,0.4712698328172054,0.4953792686782992,1,1,0,1,0,0,1,0,0,1,0,1,0,1,0,0,0,0,1,0,0,0,1,0
90,0.45533778978755,0.32961758610016756,1,0,1,1,0,0,1,0,0,1,0,1,0,1,0,0,0,0,1,0,0,0,1,0
374,0.041104671016510816,0.6249237044858309,0,0,1,0,0,1,0,0,0,0,0,1,1,0,0,0,0,0,1,0,0,0,1,0
193,0.041104671016510816,0.6716965425326258,0,1,0,1,0,0,0,0,0,0,0,1,0,0,0,0,0,0,0,0,0,1,0,0
249,0.8536388655289339,0.6716965425326258,0,1,0,1,0,0,0,0,0,1,0,1,0,0,0,1,0,0,1,0,0,0,1,0
392,0.4394057467578947,0.32346434167809823,0,0,1,1,1,0,0,0,0,1,0,1,0,1,0,0,0,0,1,0,0,0,1,0
663,0.5668620909951374,0.30115429987377307,1,0,1,1,0,0,1,0,0,1,0,1,0,1,0,0,0,0,1,0,0,0,1,0
460,0.7580466073510017,0.676080216354138,1,0,0,1,0,0,1,0,0,1,0,1,0,1,0,0,0,0,0,0,1,0,0,0
797,0.48720187584686075,0.3586839748399069,1,0,1,0,0,0,1,0,0,1,0,1,0,0,1,0,0,0,1,0,0,0,1,0
870,0.40754166069858394,0.32200552094875246,1,0,1,1,0,0,1,0,0,1,0,1,0,1,0,0,0,0,1,0,0,0,1,0
176,0.07158211651317624,0.667308416248896,0,0,1,1,0,1,0,0,0,0,0,1,0,0,0,0,0,0,1,0,0,0,1,0
803,0.0,0.35135886677865313,0,0,1,1,0,0,1,0,0,0,0,0,0,0,0,0,0,0,1,0,0,0,1,0
246,0.3916096176689286,0.31588162393278685,1,0,1,0,0,0,1,0,0,1,0,1,1,0,0,0,0,0,1,0,0,0,1,0
475,0.7435747558715733,0.7938844272404473,1,0,0,1,0,0,1,0,0,1,0,1,0,1,0,0,0,0,0,0,0,0,0,0
471,0.5987261770544482,0.3577812173392909,1,0,1,1,0,0,1,0,0,1,0,1,0,1,0,0,0,0,1,0,0,0,1,0
121,0.4771164750295817,0.32961758610016756,1,0,1,1,0,0,1,0,0,1,0,1,0,1,0,0,0,0,1,0,0,0,1,0
709,0.10380635289289268,0.5418155693477047,0,0,1,1,0,0,0,0,0,0,0,0,0,0,0,0,0,0,1,0,0,0,1,0
352,0.23228918737237508,0.28628686568721706,0,0,1,1,0,0,0,0,0,0,0,0,0,1,0,0,0,0,1,0,0,0,1,0
20,0.5509300479654821,0.6716965425326258,1,1,0,1,0,0,1,0,0,1,0,1,0,1,0,0,0,0,1,0,0,0,1,0
667,0.47685674952041646,0.31588162393278685,1,0,1,1,0,0,1,0,0,1,0,1,0,1,0,0,0,0,1,0,0,0,1,0
139,0.37567757463927326,0.8489277029618167,1,0,0,1,0,0,1,0,0,1,0,0,0,1,0,0,0,1,0,1,0,0,0,0
583,0.5668620909951374,0.7533362416927478,1,0,0,1,0,0,1,0,0,1,0,0,0,1,0,0,0,0,0,0,0,0,0,0
554,0.3438134885799626,0.31588162393278685,1,0,1,0,0,0,1,0,0,1,0,1,1,0,0,0,0,0,1,0,0,0,1,0
660,0.7899106934103124,0.9023158326744485,0,0,0,1,1,0,0,0,0,1,0,1,0,0,0,1,0,0,1,0,0,0,1,0
613,0.5591025001137525,0.3145960637705951,1,0,1,1,0,0,1,0,0,1,1,0,0,1,0,0,0,0,1,0,0,0,1,0
203,0.7182164997768633,0.28604595301181557,1,0,1,1,0,0,1,0,0,1,0,0,0,1,0,0,0,0,1,0,0,0,1,0
719,0.5190659619061714,0.31588162393278685,1,0,1,1,0,0,1,0,0,1,0,1,0,1,0,0,0,0,1,0,0,0,1,0
646,0.2960173594909965,0.32200552094875246,1,0,1,1,0,0,1,0,0,1,0,1,0,1,0,0,0,0,1,0,0,0,1,0
228,0.2800853164613411,0.4953792686782992,1,1,0,1,0,0,1,0,0,1,0,1,0,1,0,0,0,0,1,0,0,0,1,0
208,0.24822123040203042,0.3145960637705951,1,0,1,0,0,0,1,0,0,1,1,0,1,0,0,0,0,0,1,0,0,0,1,0
740,0.7032889495628366,0.7007174289803821,1,0,0,1,0,0,1,0,0,1,0,1,0,1,0,0,0,0,0,0,1,0,0,0
839,0.6293316590934468,0.6987501764256201,1,0,0,1,0,0,1,0,0,1,0,0,0,1,0,0,0,0,0,1,0,0,0,0
645,0.7580466073510017,0.8451944441730725,0,0,0,1,0,0,0,0,0,1,0,0,0,1,0,0,0,0,0,0,1,0,0,0
521,0.3438134885799626,0.32200552094875246,1,0,1,1,0,0,1,0,0,1,0,1,0,1,0,0,0,0,1,0,0,0,1,0
782,0.45533778978755,0.7007174289803821,1,0,0,1,0,0,1,0,0,1,0,1,0,1,0,0,0,0,0,0,1,0,0,0
168,0.6888874980812991,0.6710877741113612,1,0,0,1,0,0,1,0,0,1,0,1,0,1,0,0,0,0,1,0,0,0,1,0
332,0.5987261770544482,0.9141206859844375,0,0,0,1,0,0,1,0,0,0,0,1,0,1,0,0,0,1,0,1,0,0,0,0
696,0.6943184352323803,0.32961758610016756,1,0,1,1,0,0,1,0,0,1,0,1,0,1,0,0,0,0,1,0,0,0,1,0
407,0.041104671016510816,0.5965478046048884,0,1,0,1,0,0,0,0,0,0,0,1,0,0,0,0,0,0,1,0,0,0,1,0
700,0.2800853164613411,0.9433822348708973,0,0,0,0,0,0,0,0,0,1,0,0,0,0,1,0,0,1,0,1,0,0,0,0
505,0.2800853164613411,0.8831602432045893,0,0,0,1,0,0,0,0,0,1,0,0,0,1,0,0,0,1,0,1,0,0,0,0
768,0.4883378221054655,0.6558461265070143,0,0,1,1,0,0,0,0,0,1,1,0,0,1,0,0,0,0,1,0,0,0,1,0
7,0.02517262798685546,0.6249237044858309,0,0,1,1,0,1,0,0,0,0,0,1,0,0,0,0,0,0,1,0,0,0,1,0
737,0.5509300479654821,0.9874850795340018,1,0,0,1,0,0,1,0,0,1,0,0,0,1,0,0,1,0,0,1,0,0,0,0
851,1.0,0.31588162393278685,1,0,1,1,0,0,1,0,0,1,0,1,0,1,0,0,0,0,1,0,0,0,1,0
673,0.48720187584686075,0.4953792686782992,1,1,0,1,0,0,1,0,0,1,0,1,0,1,0,0,0,0,1,0,0,0,1,0
735,0.44737176827272235,0.5568236834129612,1,0,1,1,0,0,1,0,0,1,0,1,0,1,0,0,0,0,1,0,0,0,1,0
174,0.8855029515882445,0.7051664829819979,1,0,0,1,0,0,1,0,0,1,0,0,0,1,0,0,0,0,0,0,0,0,0,0
704,0.40754166069858394,0.31991289378891885,0,0,1,1,0,0,0,0,0,1,0,1,0,1,0,0,0,0,1,0,0,0,1,0
569,0.503133918876516,0.31991289378891885,1,0,1,1,0,0,1,0,0,1,0,1,0,1,0,0,0,0,1,0,0,0,1,0
36,0.4533080001589456,0.28628686568721706,1,0,1,1,0,0,1,0,0,1,0,0,0,1,0,0,0,0,1,0,0,0,1,0
209,0.6305902631137589,0.707063454075306,1,0,0,1,0,0,1,0,0,1,0,0,0,1,0,0,0,0,0,0,0,0,0,0
681,0.42347370372823934,0.8451944441730725,1,0,0,1,0,0,1,0,0,1,0,0,0,1,0,0,0,0,0,0,1,0,0,0
718,0.5634858094397812,0.5464137672520626,1,0,1,1,0,0,1,0,0,1,1,0,0,1,0,0,0,0,1,0,0,0,1,0
108,0.5987261770544482,0.32200552094875246,1,0,1,1,0,0,1,0,0,1,0,1,0,1,0,0,0,0,1,0,0,0,1,0
164,0.009240584957200107,0.7514958619888308,0,0,1,1,0,1,0,0,0,0,0,1,0,0,0,0,0,0,1,0,0,0,1,0
674,0.5359516530073511,1.0000000000000002,1,1,0,1,0,0,1,0,0,1,0,1,0,1,0,0,0,0,1,0,0,0,1,1
388,0.5590821843580973,0.3135216354174497,1,0,1,1,0,0,1,0,0,1,1,0,0,1,0,0,0,0,1,0,0,0,1,0
755,0.0039830107574138395,0.5276201223063801,0,1,0,1,0,0,0,0,0,0,0,1,0,0,0,0,0,0,1,0,0,0,1,0
46,0.4862686277614283,0.5464137672520626,0,0,1,1,0,0,0,0,0,1,1,0,0,1,0,0,0,0,1,0,0,0,1,0
479,0.02517262798685546,0.47799374885400314,0,0,1,0,0,0,1,0,0,0,0,1,1,0,0,0,0,0,1,0,0,0,1,0
677,0.2800853164613411,0.4042652250502792,1,0,1,0,0,0,1,0,0,1,0,1,1,0,0,0,0,0,1,0,0,0,1,0
765,0.8058427364399677,0.8470741695146244,0,0,0,0,0,0,0,0,0,1,0,1,0,0,1,0,0,0,0,0,1,0,0,0
361,0.45533778978755,0.684965285515579,0,1,0,1,0,0,0,0,0,1,0,0,0,1,0,0,0,0,1,0,0,0,1,0
597,0.773978650380657,1.0000000000000002,1,0,1,1,0,0,1,0,0,1,0,1,0,1,0,0,0,0,1,0,0,0,1,1
770,0.37567757463927326,0.3917074089857504,1,0,1,1,0,0,1,0,0,1,0,1,0,1,0,0,0,0,1,0,0,0,1,0
328,0.48720187584686075,0.6186571928165647,0,0,1,0,0,0,0,0,0,0,0,1,0,0,1,0,0,0,1,0,0,0,1,0
276,0.7102504782620357,0.3145960637705951,1,0,1,0,0,0,1,0,0,1,0,1,1,0,0,0,0,0,1,0,0,0,1,0
636,0.503133918876516,0.32346434167809823,1,0,1,1,0,0,1,0,0,1,0,1,0,1,0,0,0,0,1,0,0,0,1,0
702,0.2800853164613411,0.5267120330372304,0,0,1,0,0,0,1,0,0,0,0,0,1,0,0,0,0,0,1,0,0,0,1,0
854,0.6943184352323803,0.6716965425326258,0,1,0,0,0,0,0,0,0,1,0,1,0,0,1,0,0,0,1,0,0,0,1,0
871,0.7421145643213464,0.7954271224895011,0,0,0,0,0,0,0,0,0,0,0,1,0,0,1,0,0,0,0,0,1,0,0,0
148,0.5748281125099651,0.6716965425326258,0,1,0,1,0,0,1,1,0,0,0,1,0,1,0,0,0,0,0,0,0,1,0,0
178,0.4712698328172054,0.4953792686782992,1,1,0,1,0,0,1,0,0,1,0,1,0,1,0,0,0,0,1,0,0,0,1,0
717,0.42347370372823934,0.42667428000128393,1,1,0,0,0,0,1,0,0,1,0,1,1,0,0,0,1,0,0,0,1,0,0,0
81,0.45533778978755,0.3917074089857504,1,0,1,1,0,0,1,0,0,1,0,1,0,1,0,0,0,0,1,0,0,0,1,0
493,1.0,0.786612578784589,1,0,0,1,0,0,1,0,0,1,0,0,0,1,0,0,0,0,1,0,0,0,1,0
820,0.8217747794696231,0.8674888399683842,0,0,0,0,0,0,0,0,0,0,0,1,0,0,1,0,0,1,0,1,0,0,0,0
678,0.6783863922027249,0.7784019316021205,0,0,1,0,0,0,0,0,1,0,0,1,0,0,1,0,0,0,1,0,0,0,1,0
287,0.3438134885799626,0.32200552094875246,1,0,1,1,0,0,1,0,0,1,0,1,0,1,0,0,0,0,1,0,0,0,1,0
330,0.288900646660598,0.6474460706219207,0,0,1,0,1,0,0,0,0,1,1,0,1,0,0,0,0,0,1,0,0,0,1,0
166,0.6647413118645193,0.8019491925606854,0,0,0,0,0,0,1,0,0,0,0,1,0,0,1,0,0,0,0,0,1,0,0,0
628,0.40754166069858394,0.32200552094875246,1,0,1,1,0,0,1,0,0,1,0,1,0,1,0,0,0,0,1,0,0,0,1,0
729,0.3916096176689286,0.32346434167809823,0,0,1,0,0,0,0,0,0,1,0,1,1,0,0,0,0,0,1,0,0,0,1,0
815,0.6752307211916415,1.0000000000000002,1,0,0,1,0,0,1,0,0,1,0,1,0,1,0,0,1,0,0,1,0,0,0,1
318,0.48720187584686075,0.9199105711813569,0,0,0,0,0,0,1,1,0,0,0,1,1,0,0,0,0,0,0,1,0,0,0,0
338,0.7102504782620357,0.32961758610016756,1,0,1,1,0,0,1,0,0,1,0,1,0,1,0,0,0,0,1,0,0,0,1,0
320,0.3438134885799626,0.287476810085727,1,0,1,1,0,0,1,0,0,1,0,1,0,1,0,0,0,0,1,0,0,0,1,0
52,0.773978650380657,0.8451944441730725,0,0,0,0,0,0,0,0,0,1,0,0,0,0,1,0,0,0,0,0,1,0,0,0
608,0.3438134885799626,0.7592393101761981,0,1,0,0,0,0,0,1,0,0,0,0,0,0,1,0,0,0,1,0,0,0,1,0
184,0.05703671404616617,0.6351790595209903,0,0,1,0,0,0,1,1,0,0,0,1,1,0,0,0,0,0,1,0,0,0,1,0
255,0.45533778978755,0.5418155693477047,0,0,1,0,0,0,1,1,0,0,0,0,0,0,1,0,0,0,1,0,0,0,1,0
800,0.5349980049358267,0.4953792686782992,1,1,0,1,0,0,1,0,0,1,0,1,0,1,0,0,0,0,1,0,0,0,1,0
862,0.7580466073510017,0.6711219362962373,1,0,0,0,0,0,1,0,0,1,0,1,0,0,1,0,0,0,0,0,1,0,0,0
41,0.42347370372823934,0.6240839799526525,0,1,0,0,0,0,0,0,0,1,0,1,0,0,1,0,0,0,1,0,0,0,1,0
513,0.8536388655289339,0.8126325976651783,0,0,0,0,0,0,0,0,0,1,0,0,0,0,1,0,0,0,1,0,0,0,1,0
547,0.5197341367231292,0.5145705796874218,1,1,0,1,0,0,1,0,0,1,0,0,0,1,0,0,0,0,1,0,0,0,1,0
546,0.2960173594909965,0.6716965425326258,0,1,0,0,0,0,0,0,0,1,0,1,0,0,1,0,0,0,1,0,0,0,1,0
151,0.3438134885799626,0.8277318124424258,0,0,0,0,0,0,0,0,0,1,0,1,0,0,1,0,0,0,0,1,0,0,0,0
331,0.7182164997768633,0.6905668406058576,1,0,0,1,0,0,1,0,0,1,0,1,0,1,0,0,1,0,0,1,0,0,0,0
64,0.666160741182517,0.684965285515579,1,0,0,1,0,0,1,0,0,1,0,0,0,1,0,0,0,0,1,0,0,0,1,0
833,0.3597455316096179,0.31991289378891885,1,0,1,1,0,0,1,0,0,1,0,1,0,1,0,0,0,0,1,0,0,0,1,0
488,0.4712698328172054,0.32961758610016756,1,0,1,1,0,0,1,0,0,1,0,1,0,1,0,0,0,0,1,0,0,0,1,0
531,0.4533080001589456,0.28628686568721706,1,0,1,1,0,0,1,0,0,1,0,0,0,1,0,0,0,0,1,0,0,0,1,0
405,0.5349980049358267,0.6240839799526525,0,1,0,1,0,0,0,0,0,1,0,1,0,1,0,0,0,0,1,0,0,0,1,0
744,0.48720187584686075,0.32346434167809823,1,0,1,1,0,0,1,0,0,1,0,1,0,1,0,0,0,0,1,0,0,0,1,0
201,0.2792601186826424,0.8332172469856269,0,0,1,1,0,1,0,1,0,0,0,1,0,1,0,0,0,0,1,0,0,0,1,0
360,0.6305902631137589,0.6862746843878003,0,0,1,1,0,0,0,0,1,0,0,1,0,1,0,0,0,0,1,0,0,0,1,0
47,0.4051537839565513,0.3145960637705951,1,0,1,0,0,0,1,0,0,1,1,0,1,0,0,0,0,0,1,0,0,0,1,0
70,0.503133918876516,0.42667428000128393,1,1,0,1,0,0,1,0,0,1,0,1,0,1,0,0,0,0,1,0,0,0,1,0
682,0.31194940252065184,0.3810881748892503,1,0,1,1,0,0,1,0,0,1,0,1,0,1,0,0,0,0,1,0,0,0,1,0
377,0.42347370372823934,0.9384055652847512,0,0,0,1,0,0,1,1,0,0,0,0,0,1,0,0,0,1,0,1,0,0,0,0
123,0.5110999403913438,0.4953792686782992,1,1,0,0,0,0,1,0,0,1,0,1,1,0,0,0,1,0,0,0,1,0,0,0
194,0.6943184352323803,0.684965285515579,1,0,0,0,0,0,1,0,0,1,0,0,0,0,1,0,0,0,0,1,0,0,0,0
135,0.3597455316096179,0.5381145746205489,1,1,0,1,0,0,1,0,0,1,0,0,0,1,0,0,0,0,1,0,0,0,1,0
616,0.5349980049358267,0.5256316938731254,0,0,1,1,0,0,0,0,0,0,0,1,0,1,0,0,0,0,1,0,0,0,1,0
543,0.503133918876516,0.6716965425326258,0,1,0,1,0,0,0,0,0,1,0,1,0,1,0,0,0,0,1,0,0,0,1,0
445,0.05703671404616617,0.8527503864840955,0,0,0,1,0,0,1,1,0,0,0,1,0,0,0,0,0,0,0,0,0,0,0,0
119,0.02517262798685546,0.7087540026957675,0,0,1,0,0,1,0,1,0,0,0,1,1,0,0,0,0,0,1,0,0,0,1,0
413,0.5359516530073511,1.0000000000000002,1,1,0,1,0,0,1,0,0,1,0,1,0,1,0,0,0,0,1,0,0,0,1,1
343,0.3916096176689286,0.4953792686782992,1,1,0,1,0,0,1,0,0,1,0,1,0,1,0,0,0,0,1,0,0,0,1,0
89,0.37567757463927326,0.32961758610016756,1,0,1,1,0,0,1,0,0,1,0,1,0,1,0,0,0,0,1,0,0,0,1,0
836,0.3278814455503072,0.3577812173392909,1,0,1,1,0,0,1,0,0,1,0,1,0,1,0,0,0,0,1,0,0,0,1,0
439,0.48720187584686075,0.42667428000128393,1,1,0,1,0,0,1,0,0,1,0,1,0,1,0,0,0,0,1,0,0,0,1,0
317,0.8536388655289339,0.5174618878196935,1,1,0,1,0,0,1,0,0,1,0,1,0,0,0,1,0,0,1,0,0,0,1,0
85,0.5190659619061714,0.5525594845424404,0,0,1,0,0,1,0,0,0,1,0,1,0,0,1,0,0,0,1,0,0,0,1,0
733,0.3597455316096179,0.4953792686782992,1,1,0,1,0,0,1,0,0,1,0,1,0,1,0,0,0,0,1,0,0,0,1,0
145,0.2960173594909965,0.7382827620566701,0,1,0,1,0,0,0,0,0,0,0,1,0,1,0,0,0,0,1,0,0,0,1,0
280,1.0,0.3145960637705951,1,0,1,1,0,0,1,0,0,1,1,0,0,1,0,0,0,0,1,0,0,0,1,0
490,0.40523922967862175,0.6120279030729487,0,0,1,1,0,0,0,0,0,1,0,1,0,1,0,0,0,0,1,0,0,0,1,0
865,0.6624543491730696,0.4953792686782992,1,1,0,0,0,0,1,0,0,1,0,1,0,0,1,0,0,0,1,0,0,0,1,0
144,0.2800853164613411,0.4568906741563654,1,1,0,1,0,0,1,0,0,1,0,1,0,1,0,0,0,0,1,0,0,0,1,0
221,0.42347370372823934,0.4953792686782992,1,1,0,1,0,0,1,0,0,1,0,1,0,1,0,0,0,0,1,0,0,0,1,0
124,0.8536388655289339,0.8460539459780569,0,0,0,1,0,0,1,0,0,0,0,1,0,1,0,0,0,0,0,0,1,0,0,0
524,0.4533080001589456,0.28628686568721706,1,0,1,1,0,0,1,0,0,1,0,0,0,1,0,0,0,0,1,0,0,0,1,0
110,0.7421145643213464,0.7938844272404473,1,0,0,1,0,0,1,0,0,1,0,1,0,1,0,0,1,0,0,1,0,0,0,0
59,0.16856101525375367,0.7784019316021205,0,0,1,1,0,1,0,1,0,0,0,1,0,0,0,0,0,0,1,0,0,0,1,0
120,0.3278814455503072,0.8400286826300565,0,1,0,1,1,0,0,0,0,1,0,1,0,1,0,0,0,0,1,0,0,0,1,0
242,0.45533778978755,0.42667428000128393,1,1,0,1,0,0,1,0,0,1,0,1,0,1,0,0,0,0,1,0,0,0,1,0
811,0.6146582200841035,0.6558461265070143,1,0,1,1,0,0,1,0,0,1,0,1,0,1,0,0,0,0,1,0,0,0,1,0
885,0.6146582200841035,0.694893338375969,0,0,1,0,0,0,1,0,1,0,1,0,0,0,1,0,0,0,1,0,0,0,1,0
605,0.5668620909951374,0.5473046605460041,0,0,1,1,0,0,0,0,0,1,0,1,0,1,0,0,0,0,1,0,0,0,1,0
307,0.26415327343168576,0.8831602432045893,0,0,0,0,0,0,0,0,0,1,0,0,0,0,1,0,0,1,0,1,0,0,0,0
158,0.4776490051410068,0.3577812173392909,1,0,1,1,0,0,1,0,0,1,0,1,0,1,0,0,0,0,1,0,0,0,1,0
542,0.16856101525375367,0.7087540026957675,0,0,1,0,0,1,0,1,0,0,0,1,1,0,0,0,0,0,1,0,0,0,1,0
132,0.7421145643213464,0.5276201223063801,0,0,1,0,0,0,0,0,0,1,0,1,0,0,1,0,0,0,1,0,0,0,1,0
284,0.7412643745395007,0.6716965425326258,1,0,0,1,0,0,1,0,0,1,0,1,0,1,0,0,0,0,0,0,0,0,0,0
25,0.5987261770544482,0.7094390548636458,0,0,1,0,0,0,0,0,1,0,0,1,0,0,1,0,0,0,1,0,0,0,1,0
303,0.5173883141859741,0.47957993811337474,1,1,0,0,0,0,1,0,0,1,1,0,1,0,0,0,1,0,0,0,1,0,0,0
887,0.2960173594909965,0.7007174289803821,1,0,0,0,0,0,1,0,0,1,0,1,1,0,0,0,0,0,0,1,0,0,0,0
556,0.7580466073510017,0.7511240597730695,0,0,0,0,0,0,0,0,0,1,0,0,0,0,0,1,0,0,0,0,0,0,0,0
778,0.5590903011383462,0.31395090317315866,1,0,1,1,0,0,1,0,0,1,1,0,0,1,0,0,0,0,1,0,0,0,1,0
31,0.6103621186910758,0.9102634163981531,0,0,0,0,0,0,0,0,0,1,0,0,0,0,1,0,0,1,0,1,0,0,0,0
263,0.6305902631137589,1.0000000000000002,1,0,0,1,0,0,1,0,0,1,0,1,0,1,0,0,0,1,0,1,0,0,0,1
805,0.48720187584686075,0.31588162393278685,1,0,1,1,0,0,1,0,0,1,0,1,0,1,0,0,0,0,1,0,0,0,1,0
24,0.12076488616478759,0.6249237044858309,0,0,1,0,0,1,0,0,0,0,0,1,1,0,0,0,0,0,1,0,0,0,1,0
207,0.40754166069858394,0.5970477069873528,1,0,1,1,0,0,1,0,0,1,0,0,0,1,0,0,0,0,1,0,0,0,1,0
655,0.37567757463927326,0.8400286826300565,0,1,0,1,1,0,0,0,0,1,0,1,0,1,0,0,0,0,1,0,0,0,1,0
60,0.3438134885799626,0.28628686568721706,1,0,1,1,0,0,1,0,0,1,0,0,0,1,0,0,0,0,1,0,0,0,1,0
750,0.05703671404616617,0.6450239434888265,0,1,0,0,0,0,0,0,0,0,0,1,1,0,0,0,0,0,1,0,0,0,1,0
187,0.7102504782620357,0.676080216354138,1,0,0,1,0,0,1,0,0,1,0,1,0,1,0,0,0,0,1,0,0,0,1,0
380,0.6624543491730696,0.9433822348708973,1,0,0,0,0,0,1,0,0,1,0,0,1,0,0,0,0,0,1,0,0,0,1,0
632,0.503133918876516,0.7039302111663919,1,0,0,1,0,0,1,0,0,1,0,0,0,0,0,1,0,0,0,1,0,0,0,0
222,0.8058427364399677,0.32961758610016756,1,0,1,1,0,0,1,0,0,1,0,1,0,1,0,0,0,0,1,0,0,0,1,0
111,0.22432316585754739,0.5267120330372304,0,0,1,0,0,0,0,0,0,1,0,0,1,0,0,0,0,0,1,0,0,0,1,0
611,0.4760991262882433,0.27581361487313316,1,0,1,1,0,0,1,0,0,1,0,1,0,1,0,0,0,0,1,0,0,0,1,0
620,0.42347370372823934,0.5267120330372304,0,0,1,1,0,0,0,0,0,1,0,0,0,1,0,0,0,0,1,0,0,0,1,0
711,0.6850562578019748,0.676080216354138,1,0,0,1,0,0,1,0,0,1,0,1,0,1,0,0,1,0,0,1,0,0,0,0
787,0.12076488616478759,0.694893338375969,0,0,1,1,0,1,0,0,0,0,1,0,0,0,0,0,0,0,1,0,0,0,1,0
217,0.6624543491730696,0.6795648651778274,0,1,0,1,0,0,0,0,0,1,0,1,0,1,0,0,0,0,1,0,0,0,1,0
319,0.6305902631137589,0.9028763399794657,0,0,0,0,0,0,0,0,0,0,0,0,0,0,1,0,0,0,0,0,1,0,0,0
233,0.07296875707582152,0.7094390548636458,0,0,1,0,0,1,0,1,0,0,0,1,1,0,0,0,0,0,1,0,0,0,1,0
606,0.4712698328172054,0.32200552094875246,1,0,1,1,0,0,1,0,0,1,0,1,0,1,0,0,0,0,1,0,0,0,1,0
274,0.4051537839565513,0.3145960637705951,1,0,1,0,0,0,1,0,0,1,1,0,1,0,0,0,0,0,1,0,0,0,1,0
171,0.05703671404616617,0.694893338375969,0,0,1,1,0,1,0,0,0,0,1,0,0,0,0,0,0,0,1,0,0,0,1,0
831,0.0065321376421586955,0.5965478046048884,0,1,0,1,0,0,0,0,0,0,0,1,0,0,0,0,0,0,1,0,0,0,1,0
426,0.4394057467578947,0.6716965425326258,0,1,0,0,0,0,0,0,0,1,0,1,0,0,1,0,0,0,1,0,0,0,1,0
378,0.31194940252065184,0.0,1,0,1,1,0,0,1,0,0,1,0,0,0,1,0,0,0,0,1,0,0,0,1,0
26,0.4533034448779598,0.28604595301181557,1,0,1,1,0,0,1,0,0,1,0,0,0,1,0,0,0,0,1,0,0,0,1,0
793,0.6665427141549072,0.7051664829819979,1,0,0,1,0,0,1,0,0,1,0,0,0,1,0,0,0,0,1,0,0,0,1,0
163,0.26415327343168576,0.3577812173392909,1,0,1,1,0,0,1,0,0,1,0,1,0,1,0,0,0,0,1,0,0,0,1,0
584,0.454700774045272,0.359945742983395,1,0,1,1,0,0,1,0,0,1,0,0,0,1,0,0,0,0,1,0,0,0,1,0
231,0.45533778978755,0.31588162393278685,1,0,1,1,0,0,1,0,0,1,0,1,0,1,0,0,0,0,1,0,0,0,1,0
590,0.5509300479654821,0.28024594600057395,1,0,1,1,0,0,1,0,0,1,0,1,0,1,0,0,0,0,1,0,0,0,1,0
813,0.08890080010547688,0.7087540026957675,0,0,1,0,0,1,0,1,0,0,0,1,1,0,0,0,0,0,1,0,0,0,1,0
44,0.2960173594909965,0.32117250803883346,1,0,1,0,0,0,1,0,0,1,1,0,1,0,0,0,0,0,1,0,0,0,1,0
623,0.3278814455503072,0.31991289378891885,1,0,1,1,0,0,1,0,0,1,0,1,0,1,0,0,0,0,1,0,0,0,1,0
876,0.31194940252065184,0.40441184666556507,1,0,1,1,0,0,1,0,0,1,0,1,0,1,0,0,0,0,1,0,0,0,1,0
535,0.10483284313513223,0.6737065294036662,0,1,0,0,0,0,1,1,0,0,0,1,1,0,0,0,0,0,1,0,0,0,1,0
400,0.6146582200841035,0.32346434167809823,1,0,1,1,0,0,1,0,0,1,0,1,0,1,0,0,0,0,1,0,0,0,1,0
73,0.40754166069858394,0.5267120330372304,0,0,1,1,0,0,0,0,0,1,0,0,0,1,0,0,0,0,1,0,0,0,1,0
362,0.7102504782620357,0.5267120330372304,0,0,1,0,0,0,1,0,0,0,0,0,0,0,1,0,0,0,1,0,0,0,1,0
548,0.5190659619061714,0.6186571928165647,0,0,1,1,0,0,0,0,0,0,0,1,0,1,0,0,0,0,1,0,0,0,1,0
340,0.02517262798685546,0.6716965425326258,0,1,0,1,0,0,0,0,0,0,0,1,0,0,0,0,0,0,0,0,0,1,0,0
849,0.6094546526201294,0.8622707503763991,0,0,0,0,0,0,0,0,0,1,0,0,0,0,1,0,0,1,0,1,0,0,0,0
617,0.40754166069858394,0.5568236834129612,0,0,1,0,0,0,0,0,0,1,0,1,0,0,1,0,0,0,1,0,0,0,1,0
838,0.503133918876516,0.8057235455271592,1,0,1,1,0,0,1,0,0,1,0,1,0,1,0,0,0,0,1,0,0,0,1,0
269,0.5509300479654821,0.9036152912982145,1,0,0,0,0,0,1,0,0,1,0,1,1,0,0,0,0,1,0,1,0,0,0,0
423,0.4394057467578947,0.5256316938731254,0,0,1,0,0,0,0,0,0,0,0,1,0,0,1,0,0,0,1,0,0,0,1,0
13,0.6146582200841035,0.7087540026957675,0,0,1,1,0,0,0,0,1,0,0,1,0,1,0,0,0,0,1,0,0,0,1,0
355,0.4394057467578947,0.3917074089857504,1,0,1,1,0,0,1,0,0,1,0,1,0,1,0,0,0,0,1,0,0,0,1,0
273,0.5827941340247929,0.6987501764256201,0,0,0,1,0,0,1,0,0,0,0,0,0,1,0,0,1,0,0,1,0,0,0,0
425,0.4763196590240046,0.287476810085727,1,0,1,1,0,0,1,0,0,1,0,1,0,1,0,0,0,0,1,0,0,0,1,0
850,0.05703671404616617,0.7087540026957675,0,0,1,1,0,1,0,1,0,0,0,1,0,0,0,0,0,0,1,0,0,0,1,0
97,0.3597455316096179,0.8212587064790606,0,0,0,1,0,0,1,0,0,0,0,0,0,1,0,0,0,0,0,0,1,0,0,0
465,0.5987261770544482,0.27581361487313316,1,0,1,1,0,0,1,0,0,1,0,1,0,1,0,0,0,0,1,0,0,0,1,0
784,0.3916096176689286,0.27581361487313316,1,0,1,1,0,0,1,0,0,1,0,1,0,1,0,0,0,0,1,0,0,0,1,0
66,0.45533778978755,0.42667428000128393,1,1,0,0,0,0,1,0,0,1,0,1,0,0,1,0,0,0,0,0,0,1,0,0
6,0.8536388655289339,0.7934977783042354,1,0,0,1,0,0,1,0,0,1,0,1,0,1,0,0,0,0,0,0,1,0,0,0
247,0.37567757463927326,0.5276201223063801,0,1,0,0,0,0,1,1,0,0,0,1,0,0,1,0,0,0,1,0,0,0,1,0
313,0.4394057467578947,0.32200552094875246,1,0,1,1,0,0,1,0,0,1,0,1,0,1,0,0,0,0,1,0,0,0,1,0
533,0.37446457740262645,0.6386182659061213,0,0,1,0,0,0,1,1,0,0,0,0,0,0,1,0,0,0,1,0,0,0,1,0
14,0.21635714434271971,0.31991289378891885,1,0,1,0,0,0,1,0,0,1,0,1,1,0,0,0,0,0,1,0,0,0,1,0
272,0.6465223061434142,0.606264889768843,0,1,0,0,0,0,1,0,0,0,0,1,0,0,1,0,0,0,1,0,0,0,1,0
538,0.4808603925582937,0.5276201223063801,1,0,1,1,0,0,1,0,0,1,0,1,0,1,0,0,0,0,1,0,0,0,1,0
526,0.7899106934103124,0.42667428000128393,1,1,0,0,0,0,1,0,0,1,0,1,1,0,0,0,0,0,1,0,0,0,1,0
568,0.4533080001589456,0.28628686568721706,1,0,1,1,0,0,1,0,0,1,0,0,0,1,0,0,0,0,1,0,0,0,1,0
408,0.3278814455503072,0.31588162393278685,1,0,1,1,0,0,1,0,0,1,0,1,0,1,0,0,0,0,1,0,0,0,1,0
539,0.3438134885799626,0.7865998708341924,0,0,0,0,0,0,1,1,0,0,0,0,1,0,0,0,0,0,0,1,0,0,0,0
514,0.37567757463927326,0.30115429987377307,1,0,1,1,0,0,1,0,0,1,0,1,0,1,0,0,0,0,1,0,0,0,1,0
56,0.3278814455503072,0.42667428000128393,1,1,0,0,0,0,1,0,0,1,0,1,1,0,0,0,0,0,1,0,0,0,1,0
631,0.8058427364399677,0.2760637286128371,1,0,1,1,0,0,1,0,0,1,0,1,0,1,0,0,0,0,1,0,0,0,1,0
600,0.37567757463927326,0.6795648651778274,0,1,0,0,1,0,0,0,0,0,0,1,0,0,1,0,0,0,1,0,0,0,1,0
191,0.2960173594909965,0.4953792686782992,1,1,0,1,0,0,1,0,0,1,0,1,0,1,0,0,0,0,1,0,0,0,1,0
112,0.3438134885799626,0.32961758610016756,1,0,1,1,0,0,1,0,0,1,0,1,0,1,0,0,0,0,1,0,0,0,1,0
170,0.9651631667365214,0.7216428030904045,1,0,0,1,0,0,1,0,0,1,0,1,0,1,0,0,0,0,0,1,0,0,0,0
464,0.4771164750295817,0.32961758610016756,1,0,1,1,0,0,1,0,0,1,0,1,0,1,0,0,0,0,1,0,0,0,1,0
687,0.2960173594909965,0.41574530282002486,1,0,1,1,0,0,1,0,0,1,0,1,0,1,0,0,0,0,1,0,0,0,1,0
95,0.4771164750295817,0.32961758610016756,1,0,1,1,0,0,1,0,0,1,0,1,0,1,0,0,0,0,1,0,0,0,1,0
289,0.3438134885799626,0.3145960637705951,1,0,1,0,0,0,1,0,0,1,1,0,1,0,0,0,0,0,1,0,0,0,1,0
508,0.4394057467578947,0.6403091248166994,1,0,1,1,0,0,1,0,0,1,0,1,0,1,0,0,0,0,1,0,0,0,1,0
774,0.8536388655289339,0.6450239434888265,0,1,0,0,0,0,0,0,1,0,0,1,0,0,1,0,0,0,1,0,0,0,1,0
761,0.6465223061434142,0.28024594600057395,1,0,1,1,0,0,1,0,0,1,0,1,0,1,0,0,0,0,1,0,0,0,1,0
57,0.44737176827272235,0.28628686568721706,1,0,1,1,0,0,1,0,0,1,0,0,0,1,0,0,0,0,1,0,0,0,1,0
420,0.4539833839297697,0.32200552094875246,1,0,1,1,0,0,1,0,0,1,0,0,0,1,0,0,0,0,1,0,0,0,1,0
861,0.3278814455503072,0.4568906741563654,0,1,0,1,0,0,0,0,0,1,0,1,0,1,0,0,0,0,1,0,0,0,1,0
670,0.6305902631137589,0.7485402867068955,0,1,0,0,0,0,0,0,0,0,0,1,0,0,1,0,0,0,1,0,0,0,1,0
265,0.5668620909951374,0.42667428000128393,1,1,0,1,0,0,1,0,0,1,0,1,0,1,0,0,0,0,1,0,0,0,1,0
53,0.45533778978755,0.6716965425326258,0,1,0,0,0,0,0,0,0,1,0,1,0,0,1,0,0,0,1,0,0,0,1,0
830,0.23228918737237508,0.5267120330372304,0,0,1,0,0,0,0,0,0,1,0,0,0,0,1,0,0,0,1,0,0,0,1,0
525,0.6385562846285866,0.3145960637705951,1,0,1,1,0,0,1,0,0,1,1,0,0,1,0,0,0,0,1,0,0,0,1,0
510,0.45533778978755,0.3145960637705951,1,0,1,1,0,0,1,0,0,1,1,0,0,1,0,0,0,0,1,0,0,0,1,0
506,0.5190659619061714,0.6716965425326258,0,1,0,0,0,0,1,1,0,0,0,1,0,0,1,0,0,0,1,0,0,0,1,0
372,0.2960173594909965,0.32961758610016756,1,0,1,1,0,0,1,0,0,1,0,1,0,1,0,0,0,0,1,0,0,0,1,0
812,0.5509300479654821,0.42667428000128393,1,1,0,1,0,0,1,0,0,1,0,1,0,1,0,0,0,0,1,0,0,0,1,0
311,0.2800853164613411,0.9525566550655931,0,0,0,0,1,0,0,1,0,0,0,0,1,0,0,0,0,1,0,1,0,0,0,0
49,0.2800853164613411,0.5833509639056822,0,0,1,0,0,0,0,0,0,1,0,1,0,0,1,0,0,0,1,0,0,0,1,0
602,0.6906147067974581,0.7624337249060138,1,0,0,1,0,0,1,0,0,1,0,1,0,1,0,0,0,0,1,0,0,0,1,0
629,0.559086195516792,0.31373377139228853,1,0,1,1,0,0,1,0,0,1,1,0,0,1,0,0,0,0,1,0,0,0,1,0
589,0.4771164750295817,0.32961758610016756,1,0,1,1,0,0,1,0,0,1,0,1,0,1,0,0,0,0,1,0,0,0,1,0
102,0.3278814455503072,0.8460539459780569,0,0,0,1,0,0,1,0,0,0,0,1,0,1,0,0,0,0,0,0,1,0,0,0
653,0.40523038334264505,0.3186471339670085,1,0,1,0,0,0,1,0,0,1,1,0,1,0,0,0,0,0,1,0,0,0,1,0
581,0.6146582200841035,0.8849330311574193,0,0,0,0,0,0,0,0,0,0,0,0,0,0,1,0,0,1,0,1,0,0,0,0
640,0.31194940252065184,0.31991289378891885,1,0,1,1,0,0,1,0,0,1,0,1,0,1,0,0,0,0,1,0,0,0,1,0
487,0.9173670376475552,0.6987501764256201,1,0,0,1,0,0,1,0,0,1,0,0,0,1,0,0,0,0,0,1,0,0,0,0
599,0.773978650380657,0.8067887171163197,0,0,0,1,0,0,0,0,0,1,0,0,0,0,0,1,0,0,0,0,0,0,0,0
448,0.07296875707582152,0.6031966588451136,0,0,1,0,1,0,0,0,0,0,0,0,1,0,0,0,0,0,1,0,0,0,1,0
558,0.6146582200841035,0.8495885044350155,0,0,0,0,0,0,0,0,0,0,0,1,0,0,1,0,0,1,0,0,1,0,0,0
500,0.26415327343168576,0.3577812173392909,1,0,1,1,0,0,1,0,0,1,0,1,0,1,0,0,0,0,1,0,0,0,1,0
54,1.0,0.8183490821033275,0,0,0,1,0,0,1,0,0,0,0,0,0,1,0,0,0,0,0,1,0,0,0,0
334,0.6834204282446922,0.9023158326744485,0,0,0,0,0,0,0,0,0,1,0,1,0,0,1,0,0,0,1,0,0,0,1,0
306,0.5159931015833744,0.8849330311574193,1,0,0,0,0,0,1,0,0,1,0,0,1,0,0,0,0,0,1,0,0,0,1,0
37,0.3278814455503072,0.32961758610016756,1,0,1,1,0,0,1,0,0,1,0,1,0,1,0,0,0,0,1,0,0,0,1,0
867,0.48720187584686075,0.7895674892771125,1,0,0,1,0,0,1,0,0,1,0,1,0,1,0,0,0,0,0,0,0,0,0,0
579,0.503133918876516,0.32346434167809823,1,0,1,1,0,0,1,0,0,1,0,1,0,1,0,0,0,0,1,0,0,0,1,0
795,0.6146582200841035,0.4953792686782992,1,1,0,1,0,0,1,0,0,1,0,1,0,1,0,0,0,0,1,0,0,0,1,0
12,0.31194940252065184,0.32961758610016756,1,0,1,1,0,0,1,0,0,1,0,1,0,1,0,0,0,0,1,0,0,0,1,0
21,0.5349980049358267,0.4953792686782992,1,1,0,1,0,0,1,0,0,1,0,1,0,1,0,0,0,1,0,0,1,0,0,0
662,0.7421145643213464,0.6683146290864388,1,0,0,1,0,0,1,0,0,1,0,1,0,1,0,0,0,1,0,0,1,0,0,0
512,0.5668620909951374,0.674005503986596,1,0,0,1,0,0,1,0,0,1,0,1,0,1,0,0,0,0,0,0,1,0,0,0
624,0.3278814455503072,0.5568236834129612,1,0,1,1,0,0,1,0,0,1,0,1,0,1,0,0,0,0,1,0,0,0,1,0
454,0.4771164750295817,0.32961758610016756,1,0,1,1,0,0,1,0,0,1,0,1,0,1,0,0,0,0,1,0,0,0,1,0
335,0.4769725428118631,0.32200552094875246,1,0,1,1,0,0,1,0,0,1,0,1,0,1,0,0,0,0,1,0,0,0,1,0
534,0.4712698328172054,0.3577812173392909,1,0,1,0,0,0,1,0,0,1,0,1,1,0,0,0,0,0,1,0,0,0,1,0
76,0.4769725428118631,0.32200552094875246,1,0,1,1,0,0,1,0,0,1,0,1,0,1,0,0,0,0,1,0,0,0,1,0
522,0.4533034448779598,0.28604595301181557,1,0,1,1,0,0,1,0,0,1,0,0,0,1,0,0,0,0,1,0,0,0,1,0
103,0.5190659619061714,0.35742005660559384,1,0,1,1,0,0,1,0,0,1,0,1,0,1,0,0,0,0,1,0,0,0,1,0
309,0.4712698328172054,0.8067887171163197,1,0,0,0,0,0,1,0,0,1,0,0,1,0,0,0,0,0,0,0,1,0,0,0
183,0.009240584957200107,0.7485402867068955,0,1,0,1,1,0,0,0,0,0,0,1,0,0,0,0,0,0,0,0,0,1,0,0
404,0.31194940252065184,0.3577812173392909,1,0,1,0,0,0,1,0,0,1,0,1,1,0,0,0,0,0,1,0,0,0,1,0
416,0.5349980049358267,0.7160171237556332,0,1,0,0,0,0,0,0,0,0,0,1,0,0,1,0,0,0,1,0,0,0,1,0
339,0.7102504782620357,0.732158958251349,1,0,0,1,0,0,1,0,0,1,0,1,0,1,0,0,0,0,1,0,0,1,0,0
327,0.5668620909951374,0.4953792686782992,1,1,0,0,0,0,1,0,0,1,0,1,0,0,1,0,0,0,1,0,1,0,0,0
528,0.6146582200841035,0.32346434167809823,1,0,1,1,0,0,1,0,0,1,0,1,0,1,0,0,0,0,1,0,0,0,1,0
622,0.31194940252065184,0.5506801623503952,0,0,1,1,0,0,0,0,0,0,0,0,0,1,0,0,0,0,1,0,0,0,1,0
843,0.5429640264506544,0.23670592533770063,1,0,1,1,0,0,1,0,0,1,0,0,0,1,0,0,0,0,1,0,0,0,1,0
200,0.4394057467578947,0.3917074089857504,1,0,1,1,0,0,1,0,0,1,0,1,0,1,0,0,0,0,1,0,0,0,1,0
301,0.44284936281779935,0.6474460706219207,0,0,1,1,1,0,0,0,0,1,1,0,0,1,0,0,0,0,1,0,0,0,1,0
304,0.4771164750295817,0.32961758610016756,1,0,1,1,0,0,1,0,0,1,0,1,0,1,0,0,0,0,1,0,0,0,1,0
419,0.1526289722240983,0.6558461265070143,0,0,1,0,0,0,1,1,0,0,0,1,1,0,0,0,0,0,1,0,0,0,1,0
852,0.13669692919444293,0.5418155693477047,0,0,1,0,0,0,0,0,0,0,0,0,1,0,0,0,0,0,1,0,0,0,1,0
101,0.4769725428118631,0.32200552094875246,1,0,1,1,0,0,1,0,0,1,0,1,0,1,0,0,0,0,1,0,0,0,1,0
227,0.3199154240354795,0.287476810085727,1,0,1,1,0,0,1,0,0,1,0,1,0,1,0,0,0,0,1,0,0,0,1,0
669,0.6774445208331811,0.7938844272404473,0,0,0,0,0,0,0,0,0,1,0,1,0,0,1,0,1,0,0,1,0,0,0,0
325,0.5668620909951374,0.9036152912982145,1,0,0,0,0,0,1,0,0,1,0,0,1,0,0,0,0,0,0,1,0,0,0,0
837,0.4771164750295817,0.32961758610016756,1,0,1,1,0,0,1,0,0,1,0,1,0,1,0,0,0,0,1,0,0,0,1,0
648,0.4766335668585104,0.3040782835130933,1,0,1,1,0,0,1,0,0,1,0,1,0,1,0,0,0,0,1,0,0,0,1,0
725,0.31194940252065184,0.3577812173392909,1,0,1,1,0,0,1,0,0,1,0,1,0,1,0,0,0,0,1,0,0,0,1,0
882,0.3438134885799626,0.427214716838771,1,0,1,0,0,0,1,0,0,1,0,1,1,0,0,0,0,0,1,0,0,0,1,0
808,0.6146582200841035,0.4953792686782992,1,1,0,1,0,0,1,0,0,1,0,1,0,1,0,0,0,0,1,0,0,0,1,0
503,0.5827941340247929,0.3949882193436012,1,0,1,0,0,0,1,0,0,1,0,1,1,0,0,0,0,0,1,0,0,0,1,0
754,0.7580466073510017,0.8245985935287417,0,1,0,0,0,0,0,1,0,0,0,1,0,0,1,0,0,0,1,0,0,0,1,0
658,0.3597455316096179,0.4953792686782992,1,1,0,1,0,0,1,0,0,1,0,1,0,1,0,0,0,0,1,0,0,0,1,0
727,0.40514158498114494,0.31395090317315866,1,0,1,0,0,0,1,0,0,1,1,0,1,0,0,0,0,0,1,0,0,0,1,0
672,1.0,0.42667428000128393,1,1,0,1,0,0,1,0,0,1,0,1,0,1,0,0,0,0,1,0,0,0,1,0
657,0.503133918876516,0.5464137672520626,0,0,1,0,0,0,0,0,0,0,1,0,0,0,1,0,0,0,1,0,0,0,1,0
746,0.24822123040203042,0.6154267533223337,0,0,1,1,0,0,0,0,0,0,0,1,0,1,0,0,0,0,1,0,0,0,1,0
72,0.3278814455503072,0.8400286826300565,1,1,0,1,0,0,1,0,0,1,0,1,0,1,0,0,0,0,1,0,0,0,1,0
470,0.4763196590240046,0.287476810085727,1,0,1,1,0,0,1,0,0,1,0,1,0,1,0,0,0,0,1,0,0,0,1,0
149,0.6624543491730696,0.4953792686782992,1,1,0,1,0,0,1,0,0,1,0,1,0,0,0,1,0,0,1,0,0,0,1,0
499,0.37567757463927326,0.3169464025872377,1,0,1,1,0,0,1,0,0,1,0,1,0,1,0,0,0,0,1,0,0,0,1,0
141,0.3438134885799626,0.3145960637705951,1,0,1,0,0,0,1,0,0,1,0,1,1,0,0,0,0,0,1,0,0,0,1,0
661,0.6305902631137589,0.28604595301181557,1,0,1,1,0,0,1,0,0,1,0,0,0,1,0,0,0,0,1,0,0,0,1,0
305,0.007966021514827677,0.9130849813547803,0,0,0,1,0,0,0,1,0,0,0,1,0,0,0,0,0,0,0,1,0,0,0,0
285,0.5190659619061714,0.3577812173392909,1,0,1,1,0,0,1,0,0,1,0,0,0,1,0,0,0,0,1,0,0,0,1,0
675,0.2800853164613411,0.31588162393278685,1,0,1,1,0,0,1,0,0,1,0,1,0,1,0,0,0,0,1,0,0,0,1,0
169,0.4394057467578947,0.8057235455271592,1,0,1,1,0,0,1,0,0,1,0,1,0,1,0,0,0,0,1,0,0,0,1,0
594,0.5827941340247929,0.6716965425326258,0,1,0,1,0,0,0,0,0,1,0,1,0,1,0,0,0,0,1,0,0,0,1,0
777,0.07296875707582152,0.48271579071840764,1,0,1,0,0,0,1,0,0,1,0,1,1,0,0,0,0,0,1,0,0,0,1,0
780,0.20042510131306435,0.28628686568721706,1,0,1,0,0,0,1,0,0,1,0,0,1,0,0,0,0,0,1,0,0,0,1,0
551,0.42347370372823934,0.6716965425326258,1,1,0,1,0,0,1,0,0,1,0,1,0,1,0,0,0,0,1,0,0,0,1,0
357,0.5987261770544482,0.4953792686782992,1,1,0,0,0,0,1,0,0,1,0,1,1,0,0,0,0,0,1,0,0,0,1,0
845,0.6624543491730696,0.3040782835130933,1,0,1,1,0,0,1,0,0,1,0,1,0,1,0,0,0,0,1,0,0,0,1,0
348,0.041104671016510816,0.5534205199010112,0,0,1,1,0,0,0,0,0,0,0,1,0,0,0,0,0,0,1,0,0,0,1,0
399,0.4394057467578947,0.48702614803888,1,1,0,0,0,0,1,0,0,1,0,1,0,0,1,0,0,0,1,0,0,0,1,0
299,0.7899106934103124,0.9488882545872241,0,0,0,0,0,0,1,0,0,0,0,0,0,0,1,0,0,1,0,1,0,0,0,0
857,0.8058427364399677,0.676080216354138,1,0,0,1,0,0,1,0,0,1,0,1,0,1,0,0,0,0,0,0,1,0,0,0
859,0.4533080001589456,0.28628686568721706,1,0,1,1,0,0,1,0,0,1,0,0,0,1,0,0,0,0,1,0,0,0,1,0
290,0.40754166069858394,0.8484097641144863,1,0,0,0,0,0,1,0,0,1,0,1,1,0,0,0,0,0,1,0,0,0,1,0
650,0.4769725428118631,0.32200552094875246,1,0,1,1,0,0,1,0,0,1,0,1,0,1,0,0,0,0,1,0,0,0,1,0
710,0.37567757463927326,0.786612578784589,1,0,0,0,0,0,1,0,0,1,0,0,0,0,0,1,0,1,0,1,0,0,0,0
621,0.6624543491730696,0.7954271224895011,0,0,0,1,0,0,0,0,0,1,0,1,0,1,0,0,0,0,0,0,1,0,0,0
707,0.6624543491730696,0.674005503986596,1,0,0,1,0,0,1,0,0,1,0,1,0,1,0,0,0,0,0,0,1,0,0,0
384,0.4769725428118631,0.32200552094875246,1,0,1,1,0,0,1,0,0,1,0,1,0,1,0,0,0,0,1,0,0,0,1,0
450,0.5668620909951374,0.6851795288306302,0,1,0,1,0,0,0,1,0,0,0,1,0,1,0,0,0,0,1,0,0,0,1,0
136,0.2960173594909965,0.6739720512711909,0,0,0,0,0,0,1,1,0,0,0,1,1,0,0,0,0,0,0,0,1,0,0,0
863,0.12531140252544107,0.8332172469856269,0,0,1,0,0,1,0,1,0,0,0,1,1,0,0,0,0,0,1,0,0,0,1,0
456,1.0,0.676080216354138,1,0,0,1,0,0,1,0,0,1,0,1,0,1,0,0,0,0,0,0,1,0,0,0
22,0.23228918737237508,0.3286038535898299,1,0,1,0,0,0,1,0,0,1,1,0,1,0,0,0,0,0,1,0,0,0,1,0
19,0.5206813966546308,0.28604595301181557,1,0,1,0,0,0,1,0,0,1,0,0,0,0,1,0,0,0,1,0,0,0,1,0
789,0.726182521291691,0.8489277029618167,1,0,0,1,0,0,1,0,0,1,0,0,0,1,0,0,0,1,0,1,0,0,0,0
83,0.4394057467578947,0.7790570216667354,1,0,0,1,0,0,1,0,0,1,0,1,0,1,0,0,0,0,1,0,0,0,1,0
259,0.7899106934103124,0.6716965425326258,0,1,0,0,0,0,1,0,0,0,0,1,0,0,1,0,0,0,1,0,0,0,1,0
291,0.2960173594909965,0.8646628241271206,0,0,0,0,0,0,0,0,0,1,0,0,0,0,1,0,0,0,0,1,0,0,0,0
109,0.33438910594826426,0.6558461265070143,0,0,1,0,0,0,0,0,0,1,1,0,1,0,0,0,0,0,1,0,0,0,1,0
370,0.3916096176689286,0.8030799216106028,0,0,0,1,0,0,0,0,0,1,0,0,0,1,0,0,0,0,0,0,1,0,0,0
829,0.9810952097661767,0.8500985273026351,1,0,0,0,0,0,1,0,0,1,0,1,0,0,1,0,0,0,0,1,0,0,0,0
724,0.42347370372823934,0.7969223135450088,0,0,0,1,0,0,0,0,0,1,0,1,0,1,0,0,0,0,0,0,1,0,0,0
486,0.5509300479654821,0.8633656675196095,0,0,0,0,0,0,0,0,0,1,0,1,0,0,1,0,0,1,0,1,0,0,0,0
497,0.48107793071240096,0.5391249447028459,1,0,1,1,0,0,1,0,0,1,0,1,0,1,0,0,0,0,1,0,0,0,1,0
699,0.6624543491730696,0.30938973155734373,1,0,1,1,0,0,1,0,0,1,0,1,0,1,0,0,0,1,0,0,0,1,0,0
42,0.4539833839297697,0.32200552094875246,1,0,1,1,0,0,1,0,0,1,0,0,0,1,0,0,0,0,1,0,0,0,1,0
457,0.6952040506046322,0.7934977783042354,0,0,0,0,0,0,0,0,0,1,0,1,0,0,1,0,0,0,0,0,1,0,0,0
210,0.37567757463927326,0.27581361487313316,1,0,1,1,0,0,1,0,0,1,0,1,0,1,0,0,0,0,1,0,0,0,1,0
127,0.37567757463927326,0.2812231783706667,1,0,1,1,0,0,1,0,0,1,0,1,0,1,0,0,0,0,1,0,0,0,1,0
618,0.05703671404616617,0.7485402867068955,0,1,0,0,1,0,0,0,0,0,0,1,1,0,0,0,0,0,0,0,0,1,0,0
443,0.4394057467578947,0.4953792686782992,1,1,0,0,0,0,1,0,0,1,0,1,0,0,0,1,0,0,1,0,0,0,1,0
385,0.2800853164613411,0.8400286826300565,1,1,0,1,0,0,1,0,0,1,0,1,0,1,0,0,0,0,1,0,0,0,1,0
8,0.42347370372823934,0.4462932087836764,0,0,1,0,0,0,1,1,0,0,0,1,0,0,1,0,0,0,1,0,0,0,1,0
766,0.7135282809697279,0.7511240597730695,1,0,0,1,0,0,1,0,0,1,0,0,0,0,0,1,0,0,1,0,0,0,1,0
683,0.21635714434271971,0.7784019316021205,0,0,1,1,0,1,0,1,0,0,0,1,0,1,0,0,0,0,1,0,0,0,1,0
874,0.4394057467578947,0.6544796330068141,0,1,0,0,0,0,0,0,0,1,0,0,0,0,1,0,0,0,1,0,0,0,1,0
225,0.3438134885799626,0.3859742919487066,1,0,1,1,0,0,1,0,0,1,0,1,0,1,0,0,0,0,1,0,0,0,1,0
248,0.5827941340247929,0.7954271224895011,0,0,0,1,0,0,0,0,0,0,0,1,0,1,0,0,0,0,0,0,1,0,0,0
592,0.7421145643213464,0.287476810085727,1,0,1,1,0,0,1,0,0,1,0,1,0,1,0,0,0,0,1,0,0,0,1,0
760,0.4808603925582937,0.5276201223063801,1,0,1,1,0,0,1,0,0,1,0,1,0,1,0,0,0,0,1,0,0,0,1,0
342,0.4394057467578947,0.4953792686782992,1,1,0,1,0,0,1,0,0,1,0,1,0,1,0,0,0,0,1,0,0,0,1,0
595,0.5668620909951374,0.6558461265070143,0,0,1,1,0,0,0,0,0,0,0,1,0,1,0,0,0,0,1,0,0,0,1,0
762,0.31194940252065184,0.28628686568721706,1,0,1,1,0,0,1,0,0,1,0,0,0,1,0,0,0,0,1,0,0,0,1,0
15,0.8695709085585892,0.5551302324447671,1,1,0,0,0,0,1,0,0,1,0,1,0,0,1,0,0,0,1,0,0,0,1,0
229,0.16721801215979545,0.667308416248896,0,0,1,0,0,1,0,0,0,0,0,1,1,0,0,0,0,0,1,0,0,0,1,0
243,0.3438134885799626,0.28024594600057395,1,0,1,1,0,0,1,0,0,1,0,1,0,1,0,0,0,0,1,0,0,0,1,0
772,0.9014349946178999,0.42667428000128393,1,1,0,0,0,0,1,0,0,1,0,1,0,0,1,0,0,1,0,0,1,0,0,0
477,0.45533778978755,0.27556327319177765,0,0,1,1,0,0,0,0,0,1,0,1,0,1,0,0,0,0,1,0,0,0,1,0
69,0.40754166069858394,0.3577812173392909,0,0,1,1,1,0,0,0,0,1,0,1,0,1,0,0,0,0,1,0,0,0,1,0
563,0.4771164750295817,0.32961758610016756,1,0,1,1,0,0,1,0,0,1,0,1,0,1,0,0,0,0,1,0,0,0,1,0
577,0.6146582200841035,0.804238676692145,0,0,0,0,0,0,0,0,0,1,0,1,0,0,1,0,0,0,0,0,1,0,0,0
519,0.503133918876516,0.32200552094875246,1,0,1,1,0,0,1,0,0,1,0,1,0,1,0,0,0,0,1,0,0,0,1,0
79,0.4712698328172054,0.48271579071840764,1,0,1,0,0,0,1,0,0,1,0,1,1,0,0,0,0,0,1,0,0,0,1,0
61,0.5987261770544482,0.8500985273026351,1,0,0,0,0,0,1,0,0,1,0,1,1,0,0,0,0,0,0,1,0,0,0,0
738,0.4769725428118631,0.32200552094875246,1,0,1,1,0,0,1,0,0,1,0,1,0,1,0,0,0,0,1,0,0,0,1,0
786,0.2800853164613411,0.30115429987377307,1,0,1,0,0,0,1,0,0,1,0,1,1,0,0,0,0,0,1,0,0,0,1,0
615,0.37567757463927326,0.8245985935287417,0,1,0,0,0,0,0,1,0,0,0,1,1,0,0,0,0,0,1,0,0,0,1,0
10,0.05703671404616617,0.5666567560661704,0,0,1,0,0,0,0,0,0,0,0,1,1,0,0,0,0,0,0,0,0,1,0,0
376,0.3438134885799626,0.287476810085727,1,0,1,0,0,0,1,0,0,1,0,1,1,0,0,0,0,0,1,0,0,0,1,0
28,0.405278134207029,0.32117250803883346,1,0,1,0,0,0,1,0,0,1,1,0,1,0,0,0,0,0,1,0,0,0,1,0
398,0.3597455316096179,0.42667428000128393,1,1,0,1,0,0,1,0,0,1,0,1,0,0,0,1,0,0,1,0,0,0,1,0
688,0.2800853164613411,0.3169464025872377,1,0,1,1,0,0,1,0,0,1,0,1,0,1,0,0,0,0,1,0,0,0,1,0
270,0.6895677417862791,0.707063454075306,1,0,0,1,0,0,1,0,0,1,0,1,0,1,0,0,0,0,1,0,0,0,1,0
881,0.5190659619061714,0.32200552094875246,1,0,1,1,0,0,1,0,0,1,0,1,0,1,0,0,0,0,1,0,0,0,1,0
237,0.12076488616478759,0.6737065294036662,0,1,0,0,0,0,1,1,0,0,0,1,1,0,0,0,0,0,1,0,0,0,1,0
0,0.3438134885799626,0.287476810085727,0,0,1,1,0,0,0,0,0,1,0,1,0,1,0,0,0,0,1,0,0,0,1,0
572,0.5668620909951374,0.6747995911101548,1,0,0,1,0,0,1,0,0,1,0,1,0,1,0,0,0,0,0,0,1,0,0,0
666,0.3916096176689286,0.4953792686782992,1,1,0,1,0,0,1,0,0,1,0,1,0,1,0,0,0,0,1,0,0,0,1,0
283,0.2960173594909965,0.32961758610016756,1,0,1,1,0,0,1,0,0,1,0,1,0,1,0,0,0,0,1,0,0,0,1,0
888,0.17942112926728024,0.6493552815316768,0,0,1,0,0,0,0,1,0,0,0,1,1,0,0,0,0,0,1,0,0,0,1,0
390,0.5668620909951374,0.8924978958669623,0,0,0,1,0,0,0,1,0,0,0,1,0,1,0,0,0,1,0,1,0,0,0,0
529,0.3597455316096179,0.4568906741563654,0,1,0,1,1,0,0,0,0,0,0,1,0,1,0,0,0,0,1,0,0,0,1,0
567,0.45533778978755,0.6249237044858309,0,0,1,0,0,0,1,0,1,0,0,1,0,0,1,0,0,0,1,0,0,0,1,0
172,0.009240584957200107,0.4462932087836764,0,0,1,0,0,0,0,0,0,0,0,1,1,0,0,0,0,0,1,0,0,0,1,0
847,0.5509300479654821,0.32200552094875246,1,0,1,1,0,0,1,0,0,1,0,0,0,1,0,0,0,0,1,0,0,0,1,0
117,0.45533778978755,0.6240839799526525,0,1,0,1,0,0,0,0,0,1,0,1,0,1,0,0,0,0,1,0,0,0,1,0
236,0.6943184352323803,0.6716965425326258,0,1,0,1,0,0,0,0,0,1,0,1,0,1,0,0,0,0,1,0,0,0,1,0
741,0.5668620909951374,0.8484097641144863,0,0,0,1,0,0,0,0,0,1,0,1,0,1,0,0,0,0,0,1,0,0,0,0
601,0.4769725428118631,0.32200552094875246,1,0,1,1,0,0,1,0,0,1,0,1,0,1,0,0,0,0,1,0,0,0,1,0
825,0.558255295673432,0.2697904219309508,1,0,1,1,0,0,1,0,0,1,1,0,0,1,0,0,0,0,1,0,0,0,1,0
391,0.3278814455503072,0.3169464025872377,1,0,1,1,0,0,1,0,0,1,0,1,0,1,0,0,0,0,1,0,0,0,1,0
282,0.24822123040203042,0.3917074089857504,1,0,1,1,0,0,1,0,0,1,0,1,0,1,0,0,0,0,1,0,0,0,1,0
720,0.08890080010547688,0.7188625477715789,0,1,0,0,0,0,1,0,0,0,0,1,1,0,0,0,0,0,1,0,0,0,1,0
429,0.503133918876516,0.32961758610016756,1,0,1,1,0,0,1,0,0,1,0,1,0,1,0,0,0,0,0,0,1,0,0,0
822,0.5987261770544482,1.0000000000000002,1,0,0,1,0,0,1,0,0,1,0,1,0,0,0,1,0,0,1,0,0,0,1,1
312,0.40754166069858394,0.6716965425326258,0,1,0,0,0,0,0,0,0,0,0,1,0,0,1,0,0,0,1,0,0,0,1,0
496,0.8536388655289339,0.8475387244950732,0,0,0,0,0,0,0,0,0,1,0,0,1,0,0,0,0,0,0,0,1,0,0,0
185,0.7434654047720971,0.7881012349379517,1,0,0,1,0,0,1,0,0,1,0,1,0,1,0,0,0,0,0,0,0,0,0,0
30,0.6305902631137589,0.684965285515579,1,0,0,1,0,0,1,0,0,1,0,0,0,0,0,1,0,0,1,0,0,0,1,0
288,0.6624543491730696,0.4953792686782992,1,1,0,1,0,0,1,0,0,1,0,1,0,1,0,0,0,0,1,0,0,0,1,0
281,0.4394057467578947,0.31991289378891885,1,0,1,1,0,0,1,0,0,1,0,1,0,1,0,0,0,0,1,0,0,0,1,0
3,0.5509300479654821,0.7969223135450088,0,0,0,0,0,0,0,0,0,1,0,1,0,0,1,0,1,0,0,1,0,0,0,0
371,0.2800853164613411,0.24066975882419372,0,0,1,1,0,0,0,0,0,1,0,1,0,1,0,0,0,0,1,0,0,0,1,0
834,0.2800853164613411,0.3414964300810661,1,0,1,1,0,0,1,0,0,1,0,1,0,1,0,0,0,0,1,0,0,0,1,0
182,0.13669692919444293,0.7094390548636458,0,0,1,1,0,1,0,1,0,0,0,1,0,0,0,0,0,0,1,0,0,0,1,0
189,0.5668620909951374,0.32200552094875246,1,0,1,1,0,0,1,0,0,1,0,1,0,1,0,0,0,0,1,0,0,0,1,0
642,0.02517262798685546,0.6862746843878003,0,0,1,0,0,1,0,1,0,0,0,1,1,0,0,0,0,0,1,0,0,0,1,0
884,0.3916096176689286,0.27581361487313316,1,0,1,1,0,0,1,0,0,1,0,1,0,1,0,0,0,0,1,0,0,0,1,0
582,0.8536388655289339,0.6716965425326258,1,1,0,1,0,0,1,0,0,1,0,1,0,1,0,0,0,0,1,0,0,0,1,0
147,0.13669692919444293,0.7263586828904451,0,0,1,0,1,0,0,1,0,0,0,1,1,0,0,0,0,0,1,0,0,0,1,0
630,1.0,0.7007174289803821,1,0,0,1,0,0,1,0,0,1,0,1,0,1,0,0,0,0,0,0,0,0,0,0
609,0.6305902631137589,0.9141206859844375,1,0,0,0,0,0,1,0,0,1,0,1,1,0,0,0,1,0,0,1,0,0,0,0
337,0.6465223061434142,0.9028763399794657,1,0,0,0,0,0,1,0,0,1,0,0,1,0,0,0,0,0,0,0,1,0,0,0
316,0.37567757463927326,0.6716965425326258,0,1,0,0,0,0,0,0,0,1,0,1,0,0,1,0,0,0,1,0,0,0,1,0
80,0.3438134885799626,0.37203296612224124,1,0,1,1,0,0,1,0,0,1,0,1,0,1,0,0,0,0,1,0,0,0,1,0
781,0.26415327343168576,0.8069615452957053,0,0,0,0,0,0,0,0,0,1,0,1,0,0,1,0,0,0,0,1,0,0,0,0
167,0.7102504782620357,0.6862746843878003,0,0,1,0,0,0,0,0,1,0,0,1,0,0,1,0,0,0,1,0,0,0,1,0
131,0.31194940252065184,0.27581361487313316,1,0,1,1,0,0,1,0,0,1,0,1,0,1,0,0,0,0,1,0,0,0,1,0
591,0.8217747794696231,0.8475387244950732,0,0,0,0,0,0,0,0,0,1,0,0,0,0,1,0,0,0,0,0,1,0,0,0
363,0.5509300479654821,0.27581361487313316,1,0,1,1,0,0,1,0,0,1,0,1,0,1,0,0,0,0,1,0,0,0,1,0
798,0.4712698328172054,0.28628686568721706,1,0,1,1,0,0,1,0,0,1,0,0,0,1,0,0,0,0,1,0,0,0,1,0
48,0.33728911671661765,0.6315257290713565,0,0,1,1,1,0,0,0,0,1,0,0,0,1,0,0,0,0,1,0,0,0,1,0
224,0.5987261770544482,0.8633656675196095,0,0,0,1,0,0,0,0,0,1,0,1,0,1,0,0,0,1,0,1,0,0,0,0
240,0.22668816529628058,0.5267120330372304,0,0,1,0,0,0,0,0,0,1,0,0,1,0,0,0,0,0,1,0,0,0,1,0
806,0.6146582200841035,1.0000000000000002,1,0,0,1,0,0,1,0,0,1,0,1,0,1,0,0,0,0,0,0,0,0,0,1
215,0.48720187584686075,0.8870074435105988,0,0,0,0,0,0,0,0,0,1,0,0,1,0,0,0,0,0,0,0,1,0,0,0
478,0.3438134885799626,0.3025070040772242,1,0,1,1,0,0,1,0,0,1,0,1,0,1,0,0,0,0,1,0,0,0,1,0
840,0.31194940252065184,0.32346434167809823,1,0,1,1,0,0,1,0,0,1,0,1,0,1,0,0,0,0,1,0,0,0,1,0
708,0.3438134885799626,0.9130849813547803,1,0,0,0,0,0,1,0,0,1,0,1,1,0,0,0,0,0,1,0,0,0,1,0
315,0.40754166069858394,0.31991289378891885,1,0,1,0,0,0,1,0,0,1,0,1,1,0,0,0,0,0,1,0,0,0,1,0
875,0.23228918737237508,0.28604595301181557,1,0,1,0,0,0,1,0,0,1,0,0,1,0,0,0,0,0,1,0,0,0,1,0
206,0.503133918876516,0.5525594845424404,0,0,1,1,0,0,0,0,0,1,0,1,0,1,0,0,0,0,1,0,0,0,1,0
257,0.4712698328172054,0.8589897628378218,1,0,0,0,0,0,1,0,0,1,0,1,1,0,0,0,0,1,0,1,0,0,0,0
98,0.5349980049358267,0.6450239434888265,0,1,0,0,0,0,1,0,0,0,0,1,0,0,1,0,0,0,1,0,0,0,1,0
573,0.4051537839565513,0.3145960637705951,1,0,1,0,0,0,1,0,0,1,1,0,1,0,0,0,0,0,1,0,0,0,1,0
788,0.009240584957200107,0.6192374420660116,0,0,1,1,0,0,0,1,0,0,0,1,0,0,0,0,0,0,1,0,0,0,1,0
562,0.4394057467578947,0.5067332683152159,1,1,0,1,0,0,1,0,0,1,0,1,0,1,0,0,0,0,1,0,0,0,1,0
520,0.4712698328172054,0.8674888399683842,1,0,0,0,0,0,1,0,0,1,0,1,1,0,0,0,0,1,0,1,0,0,0,0
212,0.3438134885799626,0.287476810085727,1,0,1,1,0,0,1,0,0,1,0,1,0,1,0,0,0,0,1,0,0,0,1,0
436,0.3278814455503072,0.7263586828904451,0,0,1,0,1,0,0,1,0,0,0,1,1,0,0,0,0,0,1,0,0,0,1,0
292,0.5668620909951374,0.4924358951657579,1,1,0,1,0,0,1,0,0,1,0,0,0,1,0,0,0,0,1,0,1,0,0,0
561,0.6305902631137589,0.32200552094875246,1,0,1,1,0,0,1,0,0,1,0,1,0,1,0,0,0,0,1,0,0,0,1,0
827,0.009240584957200107,0.7394892494935217,0,1,0,1,0,0,1,1,0,0,0,0,0,0,0,0,0,0,1,0,0,0,1,0
188,0.6305902631137589,0.5464137672520626,0,0,1,1,0,0,0,0,0,0,1,0,0,1,0,0,0,0,1,0,0,0,1,0
100,0.4394057467578947,0.32200552094875246,1,0,1,0,0,0,1,0,0,1,0,1,1,0,0,0,0,0,1,0,0,0,1,0
346,0.6305902631137589,0.4953792686782992,1,1,0,0,0,0,1,0,0,1,0,1,1,0,0,0,0,0,1,0,0,0,1,0
697,0.4051374793595907,0.31373377139228853,1,0,1,0,0,0,1,0,0,1,1,0,1,0,0,0,0,0,1,0,0,0,1,0
321,0.42347370372823934,0.32200552094875246,1,0,1,1,0,0,1,0,0,1,0,1,0,1,0,0,0,0,1,0,0,0,1,0
310,0.37567757463927326,0.8545514352479839,1,0,0,0,0,0,1,0,0,1,0,0,1,0,0,0,0,1,0,1,0,0,0,0
58,0.07296875707582152,0.6851795288306302,0,1,0,0,0,0,0,1,0,0,0,1,1,0,0,0,0,0,1,0,0,0,1,0
202,0.5349980049358267,0.24066975882419372,1,0,1,1,0,0,1,0,0,1,0,1,0,1,0,0,0,0,1,0,0,0,1,0
393,0.3597455316096179,0.8870074435105988,0,0,0,0,0,0,0,0,0,1,0,0,1,0,0,0,0,0,0,0,1,0,0,0
116,1.0,0.3145960637705951,1,0,1,1,0,0,1,0,0,1,1,0,0,1,0,0,0,0,1,0,0,0,1,0
68,0.26415327343168576,0.32346434167809823,0,0,1,0,0,1,0,1,0,0,0,1,1,0,0,0,0,0,1,0,0,0,1,0
329,0.24822123040203042,0.8093186599722915,0,0,0,0,0,0,1,0,0,0,0,0,1,0,0,0,0,0,0,1,0,0,0,0
67,0.2960173594909965,0.3348318140249853,1,0,1,1,0,0,1,0,0,1,0,1,0,1,0,0,0,0,1,0,0,0,1,0
785,0.3916096176689286,0.287476810085727,1,0,1,1,0,0,1,0,0,1,0,1,0,1,0,0,0,0,1,0,0,0,1,0
498,0.3916096176689286,0.9130849813547803,0,0,0,0,0,0,0,1,0,0,0,1,0,0,1,0,0,0,0,1,0,0,0,0
35,0.6624543491730696,0.7938844272404473,0,0,0,1,0,0,0,0,0,1,0,1,0,1,0,0,0,0,1,0,0,0,1,0
173,0.3278814455503072,0.32346434167809823,1,0,1,1,0,0,1,0,0,1,0,1,0,1,0,0,0,0,1,0,0,0,1,0
223,0.4769725428118631,0.32200552094875246,1,0,1,1,0,0,1,0,0,1,0,1,0,1,0,0,0,0,1,0,0,0,1,0
277,0.5359516530073511,1.0000000000000002,1,1,0,1,0,0,1,0,0,1,0,1,0,1,0,0,0,0,1,0,0,0,1,1
689,0.23228918737237508,0.9383521618768709,0,0,0,0,0,0,1,0,0,0,0,1,1,0,0,0,0,0,0,1,0,0,0,0
129,0.7102504782620357,0.271308592170308,1,0,1,1,0,0,1,0,0,1,0,1,0,1,0,0,0,0,1,0,0,0,1,0
451,0.40523922967862175,0.6120279030729487,0,0,1,1,0,0,0,0,0,1,0,1,0,1,0,0,0,0,1,0,0,0,1,0
267,0.3916096176689286,0.31588162393278685,0,0,1,1,0,0,0,0,0,1,0,1,0,1,0,0,0,0,1,0,0,0,1,0
872,0.5190659619061714,0.11754786010230478,1,0,0,1,0,0,1,0,0,1,0,1,0,1,0,0,0,1,0,1,0,0,0,0
635,0.4394057467578947,0.4953792686782992,1,1,0,0,0,0,1,0,0,1,0,1,1,0,0,0,0,0,1,0,0,0,1,0
665,0.503133918876516,0.8400286826300565,0,1,0,1,1,0,0,0,0,1,0,1,0,1,0,0,0,0,1,0,0,0,1,0
889,0.40754166069858394,0.7007174289803821,1,0,0,1,0,0,1,0,0,1,0,0,0,1,0,0,1,0,0,1,0,0,0,0
104,0.5827941340247929,0.32346434167809823,0,0,1,1,1,0,0,0,0,1,0,1,0,1,0,0,0,0,1,0,0,0,1,0
177,0.7899106934103124,0.692053998427435,1,0,0,0,0,0,1,0,0,1,0,0,1,0,0,0,0,0,0,1,0,0,0,0
544,0.7899106934103124,0.880877448394936,0,0,0,1,0,0,0,0,0,1,0,0,0,1,0,0,0,1,0,1,0,0,0,0
680,0.40551763037724065,0.33383861212630705,1,0,1,0,0,0,1,0,0,1,1,0,1,0,0,0,0,0,1,0,0,0,1,0
476,0.5349980049358267,0.6240839799526525,0,1,0,1,0,0,0,0,0,1,0,1,0,1,0,0,0,0,1,0,0,0,1,0
359,0.405278134207029,0.32117250803883346,1,0,1,0,0,0,1,0,0,1,1,0,1,0,0,0,0,0,1,0,0,0,1,0
258,0.5509300479654821,0.9874850795340018,1,0,0,0,0,0,1,0,0,1,0,0,1,0,0,0,0,0,1,0,0,0,1,0
736,0.7580466073510017,0.7263586828904451,0,0,1,0,0,0,0,0,1,0,0,1,0,0,1,0,0,0,1,0,0,0,1,0
462,0.7421145643213464,0.7463402614109131,1,0,0,1,0,0,1,0,0,1,0,1,0,1,0,0,0,1,0,0,1,0,0,0
507,0.6889818973368943,0.676080216354138,1,0,0,1,0,0,1,0,0,1,0,1,0,1,0,0,0,0,1,0,0,0,1,0
