Model,Trial Number,Value,Mean Train Score,Mean Test Score,Train Std,Test Std,Overfitting Risk,p_value,logit_penalty,logit_c,logit_solver,logit_max_iter,rf_n_estimators,rf_max_depth,rf_min_samples_split,rf_min_samples_leaf,rf_max_features,rf_bootstrap,svc_c,svc_kernel,svc_gamma,svc_degree,naive_var_smoothing,gbm_n_estimators,gbm_learning_rate,gbm_max_depth,gbm_min_samples_split,gbm_min_samples_leaf,gbm_max_features,knn_n_neighbors,knn_weights,knn_p,dt_max_depth,dt_min_samples_split,dt_min_samples_leaf,dt_criterion
logit,0,0.685848247068743,0.8487858326833073,0.8357589984350549,0.007000989536686132,0.04997025045543726,Low,0.4578,l1,3.3796145934597126,saga,495.0,,,,,,,,,,,,,,,,,,,,,,,,
logit,1,0.6648730351924321,0.8192896840873635,0.8104655712050078,0.004459088419116478,0.04853084533752522,Low,0.6,l1,0.2776173940840089,saga,116.0,,,,,,,,,,,,,,,,,,,,,,,,
logit,2,0.46609047019006833,0.6165742004680187,0.6166666666666667,0.005588641601619185,0.050192065492199456,Low,0.9957,l1,0.0009400265399733811,liblinear,472.0,,,,,,,,,,,,,,,,,,,,,,,,
logit,3,0.6850588609146242,0.8470683014820594,0.8329616588419405,0.0057844682910521885,0.04930093264243877,Low,0.4154,l1,3.3111612093015923,liblinear,371.0,,,,,,,,,,,,,,,,,,,,,,,,
logit,4,0.6982725871792765,0.8486288514040561,0.8357589984350546,0.006934096069855491,0.04582880375192602,Low,0.4255,l1,8.944624736282782,liblinear,337.0,,,,,,,,,,,,,,,,,,,,,,,,
logit,5,0.46609047019006833,0.6165742004680187,0.6166666666666667,0.005588641601619185,0.050192065492199456,Low,0.9957,l2,0.00020369803040476412,liblinear,310.0,,,,,,,,,,,,,,,,,,,,,,,,
logit,6,0.46609047019006833,0.6165742004680187,0.6166666666666667,0.005588641601619185,0.050192065492199456,Low,0.9957,l1,0.0006283261186452437,liblinear,209.0,,,,,,,,,,,,,,,,,,,,,,,,
logit,7,0.46609047019006833,0.6176664879095164,0.6166666666666667,0.004481407129073118,0.050192065492199456,Low,0.9538,l2,0.00040997914934893495,liblinear,388.0,,,,,,,,,,,,,,,,,,,,,,,,
logit,8,0.6952646253707851,0.8483168389235571,0.8315336463223787,0.007563373296722462,0.04542300698386451,Low,0.3012,l1,163.29516560788483,liblinear,150.0,,,,,,,,,,,,,,,,,,,,,,,,
logit,9,0.6613549062767514,0.835831952028081,0.8217136150234742,0.0072049657468256706,0.053452902915574266,Low,0.4518,l1,0.4765544703457908,saga,319.0,,,,,,,,,,,,,,,,,,,,,,,,
logit,10,0.6612117399224733,0.8384840581123246,0.8273865414710485,0.005697927004352296,0.05539160051619176,Low,0.5644,l2,0.2532860845029352,saga,372.0,,,,,,,,,,,,,,,,,,,,,,,,
logit,11,0.6952646253707851,0.8484728451638066,0.8315336463223787,0.007455738967560155,0.04542300698386451,Low,0.2968,l2,629.9475599998785,liblinear,218.0,,,,,,,,,,,,,,,,,,,,,,,,
logit,12,0.6922965607675278,0.8280289586583462,0.8203051643192488,0.0044545106847146505,0.04266953451724037,Low,0.602,l2,0.09806840619175367,saga,149.0,,,,,,,,,,,,,,,,,,,,,,,,
logit,13,0.6767562989362034,0.8317745709828394,0.8188967136150234,0.007336914016583243,0.04738013822627333,Low,0.4402,l1,0.4294431223520584,liblinear,384.0,,,,,,,,,,,,,,,,,,,,,,,,
logit,14,0.6775257868672871,0.8417621392355695,0.8301643192488264,0.0064334774640419454,0.050879510793846415,Low,0.514,l1,0.7457593398576005,liblinear,212.0,,,,,,,,,,,,,,,,,,,,,,,,
logit,15,0.46609047019006833,0.6165742004680187,0.6166666666666667,0.005588641601619185,0.050192065492199456,Low,0.9957,l1,0.0008477027938525737,saga,474.0,,,,,,,,,,,,,,,,,,,,,,,,
logit,16,0.46609047019006833,0.6165742004680187,0.6166666666666667,0.005588641601619185,0.050192065492199456,Low,0.9957,l1,0.013179689974984952,liblinear,374.0,,,,,,,,,,,,,,,,,,,,,,,,
logit,17,0.6888640766212142,0.8490971138845553,0.8315336463223787,0.006969602739632905,0.047556523233721504,Low,0.3003,l2,58.72557541906886,saga,240.0,,,,,,,,,,,,,,,,,,,,,,,,
logit,18,0.46609047019006833,0.6165742004680187,0.6166666666666667,0.005588641601619185,0.050192065492199456,Low,0.9957,l1,0.0012945679427115218,liblinear,262.0,,,,,,,,,,,,,,,,,,,,,,,,
logit,19,0.49832300126998064,0.6953829465678627,0.6926251956181533,0.005131275387513754,0.06476739811605756,Low,0.9014,l2,0.0027736495174243104,liblinear,298.0,,,,,,,,,,,,,,,,,,,,,,,,
logit,20,0.46609047019006833,0.6165742004680187,0.6166666666666667,0.005588641601619185,0.050192065492199456,Low,0.9957,l1,0.00023089278951624612,liblinear,419.0,,,,,,,,,,,,,,,,,,,,,,,,
logit,21,0.6850588609146242,0.8473803139625586,0.8329616588419405,0.005519191888107664,0.04930093264243877,Low,0.4054,l1,3.0726306440010407,liblinear,326.0,,,,,,,,,,,,,,,,,,,,,,,,
logit,22,0.6952646253707851,0.8483168389235569,0.8315336463223787,0.007816564919775533,0.04542300698386451,Low,0.3015,l1,87.18778761416773,liblinear,332.0,,,,,,,,,,,,,,,,,,,,,,,,
logit,23,0.6952646253707851,0.8484728451638066,0.8315336463223787,0.007455738967560155,0.04542300698386451,Low,0.2968,l2,1453.3854760333318,liblinear,398.0,,,,,,,,,,,,,,,,,,,,,,,,
logit,24,0.6952646253707851,0.8480048264430577,0.8315336463223787,0.007574376439703395,0.04542300698386451,Low,0.3098,l2,9137.766472949295,liblinear,407.0,,,,,,,,,,,,,,,,,,,,,,,,
logit,25,0.6935498936552142,0.8489411076443059,0.832942097026604,0.006889568957047925,0.046464067790463276,Low,0.3325,l2,30.066406973299387,saga,143.0,,,,,,,,,,,,,,,,,,,,,,,,
logit,26,0.6825621235381584,0.831306796021841,0.8189358372456963,0.006509272857102305,0.04545790456917931,Low,0.439,l2,0.21882180596623552,liblinear,203.0,,,,,,,,,,,,,,,,,,,,,,,,
logit,27,0.6952646253707851,0.8484726014040562,0.8315336463223787,0.006847425397320609,0.04542300698386451,Low,0.2961,l1,3991.7036357321654,saga,327.0,,,,,,,,,,,,,,,,,,,,,,,,
logit,28,0.6952646253707851,0.8484728451638066,0.8315336463223787,0.007455738967560155,0.04542300698386451,Low,0.2968,l2,970.1218808518584,liblinear,104.0,,,,,,,,,,,,,,,,,,,,,,,,
logit,29,0.46609047019006833,0.6165742004680187,0.6166666666666667,0.005588641601619185,0.050192065492199456,Low,0.9957,l2,0.00010294224197723059,liblinear,243.0,,,,,,,,,,,,,,,,,,,,,,,,
logit,30,0.4651212547465503,0.6192272815912636,0.6194835680751173,0.005489296476323491,0.05145410444285567,Low,0.9885,l2,0.0005002000157150348,liblinear,103.0,,,,,,,,,,,,,,,,,,,,,,,,
logit,31,0.4851913533479454,0.7523542316692667,0.7148278560250391,0.06749052938127903,0.07654550089236456,Low,0.2847,l1,0.035118517101853014,liblinear,450.0,,,,,,,,,,,,,,,,,,,,,,,,
logit,32,0.6952646253707851,0.8481608326833074,0.8315336463223787,0.00766632322595129,0.04542300698386451,Low,0.3056,l2,4784.709160296054,liblinear,356.0,,,,,,,,,,,,,,,,,,,,,,,,
logit,33,0.4962861420226351,0.6872676969578783,0.6898082942097027,0.0041791828369690176,0.06450738406235586,Low,0.9087,l2,0.0025339302234989153,saga,187.0,,,,,,,,,,,,,,,,,,,,,,,,
logit,34,0.46609047019006833,0.6165742004680187,0.6166666666666667,0.005588641601619185,0.050192065492199456,Low,0.9957,l1,0.0006424749775231795,liblinear,345.0,,,,,,,,,,,,,,,,,,,,,,,,
logit,35,0.5159732226954747,0.7120812207488301,0.71089593114241,0.005185378257436866,0.0649742361489784,Low,0.9577,l2,0.0031743789197829593,saga,155.0,,,,,,,,,,,,,,,,,,,,,,,,
logit,36,0.6850588609146242,0.847224307722309,0.8329616588419405,0.005546498888572486,0.04930093264243877,Low,0.4103,l1,3.253983451544993,liblinear,500.0,,,,,,,,,,,,,,,,,,,,,,,,
logit,37,0.46609047019006833,0.6165742004680187,0.6166666666666667,0.005588641601619185,0.050192065492199456,Low,0.9957,l1,0.013437311083344202,liblinear,331.0,,,,,,,,,,,,,,,,,,,,,,,,
logit,38,0.658039383371613,0.8194464216068642,0.8062793427230048,0.00578167524065077,0.049413319783797253,Low,0.4471,l2,0.05787103356508831,liblinear,497.0,,,,,,,,,,,,,,,,,,,,,,,,
logit,39,0.46609047019006833,0.6165742004680187,0.6166666666666667,0.005588641601619185,0.050192065492199456,Low,0.9957,l1,0.00012319754937160677,saga,486.0,,,,,,,,,,,,,,,,,,,,,,,,
logit,40,0.6682929257321444,0.841761895475819,0.8273474178403756,0.0059284692780375275,0.05301816403607706,Low,0.438,l2,0.7678779141065543,liblinear,179.0,,,,,,,,,,,,,,,,,,,,,,,,
logit,41,0.6855999925135581,0.8481605889235571,0.8315727699530516,0.006312654986089741,0.04865759247983117,Low,0.3361,l2,2.7180587816366715,liblinear,358.0,,,,,,,,,,,,,,,,,,,,,,,,
logit,42,0.6952646253707851,0.8484728451638066,0.8315336463223787,0.007455738967560155,0.04542300698386451,Low,0.2968,l2,1579.4655835112483,liblinear,454.0,,,,,,,,,,,,,,,,,,,,,,,,
logit,43,0.46609047019006833,0.6165742004680187,0.6166666666666667,0.005588641601619185,0.050192065492199456,Low,0.9957,l1,0.0014454184345829987,saga,245.0,,,,,,,,,,,,,,,,,,,,,,,,
logit,44,0.46609047019006833,0.6165742004680187,0.6166666666666667,0.005588641601619185,0.050192065492199456,Low,0.9957,l1,0.007551997067922144,liblinear,324.0,,,,,,,,,,,,,,,,,,,,,,,,
logit,45,0.46609047019006833,0.6165742004680187,0.6166666666666667,0.005588641601619185,0.050192065492199456,Low,0.9957,l1,0.014526033423929344,liblinear,426.0,,,,,,,,,,,,,,,,,,,,,,,,
logit,46,0.6952646253707851,0.8483165951638065,0.8315336463223787,0.007171072739038731,0.04542300698386451,Low,0.3007,l1,2381.838969947548,saga,396.0,,,,,,,,,,,,,,,,,,,,,,,,
logit,47,0.6776226128020608,0.8461320202808112,0.8301643192488262,0.00579027065004023,0.050847235482255095,Low,0.3731,l1,2.3934689498715955,liblinear,268.0,,,,,,,,,,,,,,,,,,,,,,,,
logit,48,0.46609047019006833,0.6165742004680187,0.6166666666666667,0.005588641601619185,0.050192065492199456,Low,0.9957,l1,0.00012032900126081677,saga,314.0,,,,,,,,,,,,,,,,,,,,,,,,
logit,49,0.46609047019006833,0.6165742004680187,0.6166666666666667,0.005588641601619185,0.050192065492199456,Low,0.9957,l1,0.00016469701853803138,liblinear,368.0,,,,,,,,,,,,,,,,,,,,,,,,
logit,50,0.6850588609146242,0.8483178139625587,0.8329616588419405,0.006762810738768431,0.04930093264243877,Low,0.3779,l1,2.847448748423646,saga,277.0,,,,,,,,,,,,,,,,,,,,,,,,
logit,51,0.6952646253707851,0.8484728451638066,0.8315336463223787,0.007455738967560155,0.04542300698386451,Low,0.2968,l1,283.59495725545673,liblinear,294.0,,,,,,,,,,,,,,,,,,,,,,,,
logit,52,0.46609047019006833,0.6165742004680187,0.6166666666666667,0.005588641601619185,0.050192065492199456,Low,0.9957,l1,0.00012098062891099599,liblinear,426.0,,,,,,,,,,,,,,,,,,,,,,,,
logit,53,0.46609047019006833,0.6165742004680187,0.6166666666666667,0.005588641601619185,0.050192065492199456,Low,0.9957,l1,0.0003818575786035966,liblinear,132.0,,,,,,,,,,,,,,,,,,,,,,,,
logit,54,0.6922965607675278,0.8284972211388457,0.8203051643192488,0.005330708414794575,0.04266953451724037,Low,0.5812,l2,0.10690805119362733,saga,158.0,,,,,,,,,,,,,,,,,,,,,,,,
logit,55,0.6600074630443484,0.8425419266770671,0.8245500782472615,0.006381353929897236,0.05484753840097103,Low,0.3532,l2,0.4818787227886077,saga,455.0,,,,,,,,,,,,,,,,,,,,,,,,
logit,56,0.46609047019006833,0.6165742004680187,0.6166666666666667,0.005588641601619185,0.050192065492199456,Low,0.9957,l2,0.00018391633686193402,liblinear,121.0,,,,,,,,,,,,,,,,,,,,,,,,
logit,57,0.6661594506742602,0.8334911271450858,0.8146909233176839,0.007542798000875449,0.04951049088114123,Low,0.288,l1,0.4259588733435489,saga,165.0,,,,,,,,,,,,,,,,,,,,,,,,
logit,58,0.45912943084393976,0.6217243564742588,0.6223004694835681,0.005021381965849743,0.05439034621320945,Low,0.9754,l2,0.0006337697629589171,liblinear,456.0,,,,,,,,,,,,,,,,,,,,,,,,
logit,59,0.6697396886114788,0.825530664976599,0.8090571205007825,0.005162748884028598,0.046439143963101205,Low,0.3171,l1,0.35649538477411025,liblinear,429.0,,,,,,,,,,,,,,,,,,,,,,,,
logit,60,0.6885174647825905,0.8483165951638065,0.832942097026604,0.007338806369449074,0.04814154408133788,Low,0.3672,l1,9327.692470076547,saga,213.0,,,,,,,,,,,,,,,,,,,,,,,,
logit,61,0.6932890453998184,0.8492533638845554,0.8343505477308295,0.007312439543126145,0.04702050077700371,Low,0.3709,l1,9.528416794731605,saga,419.0,,,,,,,,,,,,,,,,,,,,,,,,
logit,62,0.683173997139919,0.8490973576443059,0.8315727699530516,0.006265269954970356,0.049466257604377534,Low,0.3184,l2,2.879293695691624,saga,392.0,,,,,,,,,,,,,,,,,,,,,,,,
logit,63,0.6982725871792765,0.8489411076443059,0.8357589984350546,0.0073011826229149234,0.04582880375192602,Low,0.4152,l1,9.292630769853796,saga,255.0,,,,,,,,,,,,,,,,,,,,,,,,
logit,64,0.46609047019006833,0.6165742004680187,0.6166666666666667,0.005588641601619185,0.050192065492199456,Low,0.9957,l1,0.011136634526160219,liblinear,103.0,,,,,,,,,,,,,,,,,,,,,,,,
logit,65,0.6832218902258772,0.8416056454758192,0.8301447574334899,0.004900994775556095,0.04897428906920424,Low,0.5021,l1,0.6641691045239646,saga,475.0,,,,,,,,,,,,,,,,,,,,,,,,
logit,66,0.46609047019006833,0.6165742004680187,0.6166666666666667,0.005588641601619185,0.050192065492199456,Low,0.9957,l1,0.0006871290103265929,liblinear,151.0,,,,,,,,,,,,,,,,,,,,,,,,
logit,67,0.6641342949072799,0.8199139528081123,0.8090962441314554,0.0050908495560732315,0.048320649741391844,Low,0.5206,l2,0.07551073454456585,liblinear,198.0,,,,,,,,,,,,,,,,,,,,,,,,
logit,68,0.5000395479742168,0.6878919656786271,0.691216744913928,0.004391965450257957,0.06372573231323708,Low,0.8793,l2,0.002551718146167115,saga,385.0,,,,,,,,,,,,,,,,,,,,,,,,
logit,69,0.46609047019006833,0.6165742004680187,0.6166666666666667,0.005588641601619185,0.050192065492199456,Low,0.9957,l2,0.0008017489135497813,saga,425.0,,,,,,,,,,,,,,,,,,,,,,,,
logit,70,0.6791416416714235,0.8490973576443059,0.8329616588419405,0.006106913571387757,0.05127333905683901,Low,0.3723,l2,1.934549010768503,saga,242.0,,,,,,,,,,,,,,,,,,,,,,,,
logit,71,0.6952646253707851,0.8483165951638065,0.8315336463223787,0.007404836041948475,0.04542300698386451,Low,0.301,l2,185.03333402891414,liblinear,313.0,,,,,,,,,,,,,,,,,,,,,,,,
logit,72,0.6888640766212142,0.849253120124805,0.8315336463223787,0.006905711594683011,0.047556523233721504,Low,0.2962,l1,25.40672490951183,saga,278.0,,,,,,,,,,,,,,,,,,,,,,,,
logit,73,0.6723284439096928,0.8466000390015601,0.8329616588419405,0.006348793130999561,0.053544404977415895,Low,0.4668,l1,1.2472856541988655,saga,267.0,,,,,,,,,,,,,,,,,,,,,,,,
logit,74,0.684894684206303,0.8484738202028081,0.834370109546166,0.007068227505543471,0.049825141779954334,Low,0.4214,l1,3.0040668709525455,saga,178.0,,,,,,,,,,,,,,,,,,,,,,,,
RF,0,0.695857391402999,0.9169795729329172,0.8047926447574335,0.005820304809844252,0.03631175111814484,High,0.0,,,,,172.0,13.0,7.0,2.0,,False,,,,,,,,,,,,,,,,,,
RF,1,0.7050875014796018,0.8955996489859593,0.8400039123630674,0.005189308894839286,0.044972136961155214,High,0.0048,,,,,151.0,22.0,8.0,4.0,sqrt,False,,,,,,,,,,,,,,,,,,
RF,2,0.6921305345733937,0.8759372562402495,0.8273278560250391,0.005068853424190995,0.04506577381721513,High,0.0102,,,,,20.0,22.0,8.0,4.0,log2,True,,,,,,,,,,,,,,,,,,
RF,3,0.7181960131854648,0.8807741809672386,0.842820813771518,0.005846753791277808,0.041541600195351074,High,0.023,,,,,128.0,27.0,5.0,4.0,sqrt,True,,,,,,,,,,,,,,,,,,
RF,4,0.7242143383491445,0.90059379875195,0.8442097026604068,0.004399059513582062,0.03999845477042077,High,0.0022,,,,,178.0,26.0,10.0,3.0,sqrt,False,,,,,,,,,,,,,,,,,,
RF,5,0.7083687768668403,0.8795263748049923,0.838556338028169,0.004753306938520492,0.0433958537204429,High,0.0197,,,,,91.0,19.0,4.0,4.0,log2,True,,,,,,,,,,,,,,,,,,
RF,6,0.6947926871474341,0.8828051872074884,0.8357981220657278,0.00849894690695917,0.047001811639431235,High,0.0151,,,,,167.0,6.0,4.0,2.0,log2,False,,,,,,,,,,,,,,,,,,
RF,7,0.7290494691115815,0.8909192180187209,0.8427425665101722,0.005572301194427568,0.037897699132863574,High,0.0041,,,,,17.0,7.0,10.0,1.0,log2,False,,,,,,,,,,,,,,,,,,
RF,8,0.726844624550363,0.9350819032761309,0.8343896713615024,0.0039470659368339754,0.035848348937046484,High,0.0,,,,,45.0,26.0,9.0,1.0,log2,False,,,,,,,,,,,,,,,,,,
RF,9,0.5741585690636218,0.7849583170826834,0.7669796557120502,0.008631014320863,0.06427369554947612,Low,0.4264,,,,,141.0,1.0,7.0,3.0,sqrt,False,,,,,,,,,,,,,,,,,,
RF,10,0.7046873756537271,0.8952878802652107,0.8117957746478874,0.004638095174889209,0.035702799664720127,High,0.0001,,,,,14.0,24.0,4.0,4.0,,False,,,,,,,,,,,,,,,,,,
RF,11,0.7031499358354643,0.9375801969578783,0.7921752738654148,0.005290901874483299,0.029675112676650177,High,0.0,,,,,102.0,22.0,3.0,2.0,,False,,,,,,,,,,,,,,,,,,
RF,12,0.7252241193420254,0.9769037636505461,0.8315727699530516,0.0026860563702409755,0.035449550203675434,High,0.0,,,,,189.0,28.0,3.0,1.0,log2,True,,,,,,,,,,,,,,,,,,
RF,13,0.7125948046864777,0.875935549921997,0.8399647887323944,0.007272049854252883,0.04245666134863891,High,0.0322,,,,,45.0,20.0,8.0,4.0,log2,True,,,,,,,,,,,,,,,,,,
RF,14,0.7004256518132034,0.9842389820592823,0.8216940532081377,0.002994535465472225,0.0404228004649781,High,0.0,,,,,51.0,22.0,4.0,1.0,sqrt,False,,,,,,,,,,,,,,,,,,
RF,15,0.720327327659269,0.9027791049141966,0.8470461658841941,0.004443075035219419,0.042239612741641695,High,0.0033,,,,,127.0,29.0,8.0,3.0,log2,False,,,,,,,,,,,,,,,,,,
RF,16,0.7297431116309423,0.9130789294071763,0.8456377151799688,0.004445149400131768,0.03863153451634215,High,0.0005,,,,,139.0,21.0,6.0,3.0,,True,,,,,,,,,,,,,,,,,,
RF,17,0.7041220171712994,0.8798383872854915,0.8414123630672927,0.006827009617388603,0.04576344863199777,High,0.0333,,,,,62.0,15.0,10.0,4.0,sqrt,True,,,,,,,,,,,,,,,,,,
RF,18,0.7064173639528543,0.8876413806552262,0.8400039123630674,0.004711296363697697,0.04452884947007104,High,0.0107,,,,,123.0,16.0,3.0,3.0,log2,True,,,,,,,,,,,,,,,,,,
RF,19,0.7466918220633294,0.9413245904836194,0.8385367762128325,0.00418131751496395,0.030614984716501047,High,0.0,,,,,57.0,23.0,2.0,2.0,,True,,,,,,,,,,,,,,,,,,
RF,20,0.717946726629953,0.8824914684087363,0.8343505477308295,0.007502842600153289,0.03880127370029219,High,0.0047,,,,,14.0,24.0,2.0,3.0,log2,True,,,,,,,,,,,,,,,,,,
RF,21,0.7218778192631231,0.894195592823713,0.841392801251956,0.004439319059018433,0.03983832732961097,High,0.0032,,,,,184.0,8.0,3.0,2.0,log2,True,,,,,,,,,,,,,,,,,,
RF,22,0.7363251028570683,0.8815537246489858,0.8385758998435054,0.004170324021497043,0.03408359899547903,High,0.0043,,,,,33.0,10.0,7.0,3.0,log2,True,,,,,,,,,,,,,,,,,,
RF,23,0.6292128147591806,0.8083668096723869,0.8020344287949923,0.005451617710900245,0.057607204678603925,Low,0.7501,,,,,120.0,2.0,3.0,3.0,log2,True,,,,,,,,,,,,,,,,,,
RF,24,0.7027042213998229,0.8931040366614665,0.8315923317683881,0.0048625651780242135,0.042962703456188384,High,0.002,,,,,31.0,9.0,5.0,2.0,log2,True,,,,,,,,,,,,,,,,,,
RF,25,0.7175751990643529,0.8907627242589704,0.8400039123630674,0.004958009955778695,0.040809571099571514,High,0.0046,,,,,180.0,28.0,8.0,3.0,sqrt,True,,,,,,,,,,,,,,,,,,
RF,26,0.7128605475777537,0.9052752047581902,0.8484350547730829,0.004118880055743667,0.045191502398443044,High,0.0044,,,,,71.0,22.0,8.0,3.0,sqrt,False,,,,,,,,,,,,,,,,,,
RF,27,0.7042957434579185,0.8906079368174726,0.835817683881064,0.0066384239915877165,0.043840646807715176,High,0.0045,,,,,91.0,26.0,8.0,4.0,log2,False,,,,,,,,,,,,,,,,,,
RF,28,0.7164879862193693,0.9019978549141964,0.8103286384976526,0.006031238124796221,0.03128021742609442,High,0.0,,,,,13.0,27.0,10.0,3.0,,False,,,,,,,,,,,,,,,,,,
RF,29,0.7059180555614537,0.8913879680187208,0.8344092331768387,0.005464765790323106,0.04283039253846168,High,0.0031,,,,,73.0,26.0,5.0,4.0,log2,False,,,,,,,,,,,,,,,,,,
RF,30,0.687102131067179,0.8462851014040561,0.8343701095461658,0.006933645643019443,0.049089326159662265,Low,0.4885,,,,,39.0,4.0,4.0,2.0,sqrt,True,,,,,,,,,,,,,,,,,,
RF,31,0.6476062575354657,0.820848771450858,0.8133020344287949,0.0031123798195365595,0.05523192563110969,Low,0.6919,,,,,118.0,3.0,8.0,4.0,sqrt,True,,,,,,,,,,,,,,,,,,
RF,32,0.678953696640247,0.8358297581903276,0.8133215962441314,0.004249528376896111,0.04478929986796144,Low,0.167,,,,,190.0,3.0,7.0,2.0,,False,,,,,,,,,,,,,,,,,,
RF,33,0.710122203844479,0.893728061622465,0.8442097026604068,0.005954497801708032,0.04469583293864262,High,0.0089,,,,,29.0,17.0,7.0,4.0,sqrt,False,,,,,,,,,,,,,,,,,,
RF,34,0.7145870042173148,0.881711924726989,0.8385954616588419,0.0057996112856440706,0.04133615248050905,High,0.0122,,,,,200.0,30.0,5.0,4.0,sqrt,True,,,,,,,,,,,,,,,,,,
RF,35,0.7233951484218315,0.90059379875195,0.8456181533646323,0.0044540412597969,0.040741001647600264,High,0.0029,,,,,145.0,30.0,10.0,3.0,sqrt,False,,,,,,,,,,,,,,,,,,
RF,36,0.724204532632825,0.881088143525741,0.8413536776212833,0.006577962817840085,0.03904971499615276,High,0.0138,,,,,166.0,27.0,8.0,4.0,log2,True,,,,,,,,,,,,,,,,,,
RF,37,0.7102270564884278,0.9010627925117005,0.8428403755868544,0.005520927065682369,0.04420443969947556,High,0.0033,,,,,178.0,21.0,3.0,4.0,,True,,,,,,,,,,,,,,,,,,
RF,38,0.7038566799812089,0.9842384945397816,0.8329029733959311,0.00246268389991096,0.043015431138240724,High,0.0,,,,,144.0,22.0,3.0,1.0,,True,,,,,,,,,,,,,,,,,,
RF,39,0.7251855448355562,0.9048074297971919,0.8428012519561815,0.0033929516397963907,0.0392052357068751,High,0.001,,,,,37.0,30.0,3.0,2.0,log2,True,,,,,,,,,,,,,,,,,,
RF,40,0.7238052560627986,0.9754984886895477,0.8371870109546166,0.002624994245536018,0.03779391829727268,High,0.0,,,,,108.0,27.0,3.0,1.0,sqrt,True,,,,,,,,,,,,,,,,,,
RF,41,0.7436127371545542,0.935705684477379,0.8414123630672925,0.0038031871601578596,0.03259987530424611,High,0.0,,,,,76.0,26.0,4.0,2.0,sqrt,False,,,,,,,,,,,,,,,,,,
RF,42,0.7306842091713522,0.9052754485179406,0.8442292644757433,0.0050706370803233515,0.03784835176813037,High,0.0009,,,,,114.0,15.0,5.0,2.0,sqrt,True,,,,,,,,,,,,,,,,,,
RF,43,0.7121611755605168,0.9186963728549141,0.837206572769953,0.005589152853106393,0.041681799069812044,High,0.0002,,,,,169.0,18.0,7.0,2.0,log2,False,,,,,,,,,,,,,,,,,,
RF,44,0.7339975843766,0.9001272425897036,0.8329616588419405,0.007254309321793161,0.032988024821780156,High,0.0001,,,,,58.0,7.0,6.0,1.0,log2,False,,,,,,,,,,,,,,,,,,
RF,45,0.7268022111439542,0.9339896158346332,0.8414123630672927,0.0036815448278560603,0.0382033839744462,High,0.0,,,,,133.0,17.0,4.0,2.0,sqrt,False,,,,,,,,,,,,,,,,,,
RF,46,0.7397098551719465,0.90527496099844,0.8441901408450704,0.004296770343824848,0.03482676189104126,High,0.0005,,,,,24.0,16.0,9.0,1.0,sqrt,True,,,,,,,,,,,,,,,,,,
RF,47,0.6701462443144756,0.9764359886895477,0.7865805946791863,0.0032297632398514448,0.03881145012157023,High,0.0,,,,,74.0,22.0,3.0,1.0,,False,,,,,,,,,,,,,,,,,,
RF,48,0.6761630795071695,0.8350489957098285,0.8161384976525822,0.004394728747896295,0.046658472715137574,Low,0.2564,,,,,148.0,3.0,7.0,4.0,,False,,,,,,,,,,,,,,,,,,
RF,49,0.7433355082554721,0.9063670046801873,0.8455790297339594,0.006125513745841101,0.03408117382616242,High,0.0004,,,,,110.0,24.0,9.0,1.0,log2,True,,,,,,,,,,,,,,,,,,
RF,50,0.7112644205936064,0.9247835413416536,0.7977699530516433,0.005593484918932366,0.028835177486012324,High,0.0,,,,,66.0,30.0,9.0,1.0,,False,,,,,,,,,,,,,,,,,,
RF,51,0.7230771302325248,0.8867033931357255,0.8442292644757433,0.005294314173824394,0.040384044747739496,High,0.0117,,,,,44.0,18.0,9.0,3.0,sqrt,True,,,,,,,,,,,,,,,,,,
RF,52,0.7090817103289585,0.9004385237909517,0.8343505477308295,0.004992335664322618,0.041756279133957,High,0.001,,,,,50.0,13.0,3.0,4.0,,True,,,,,,,,,,,,,,,,,,
RF,53,0.7046873756537271,0.8954441302652107,0.8117957746478874,0.004966793188864651,0.035702799664720127,High,0.0001,,,,,33.0,23.0,5.0,4.0,,False,,,,,,,,,,,,,,,,,,
RF,54,0.7071490922333268,0.9146377730109204,0.8372261345852895,0.006286321993977452,0.043359014117320925,High,0.0004,,,,,122.0,9.0,8.0,1.0,log2,False,,,,,,,,,,,,,,,,,,
RF,55,0.7008481901100074,0.8952866614664587,0.8371870109546166,0.004966706957260725,0.045446273614869706,High,0.004,,,,,134.0,15.0,7.0,4.0,sqrt,False,,,,,,,,,,,,,,,,,,
RF,56,0.6470653738428966,0.8099254095163806,0.800625978090767,0.0048137105973831236,0.051186868082623446,Low,0.6003,,,,,177.0,2.0,4.0,1.0,log2,False,,,,,,,,,,,,,,,,,,
RF,57,0.7093946019101378,0.8803076248049923,0.8385367762128325,0.006773060560020529,0.04304739143423157,High,0.0175,,,,,145.0,11.0,6.0,4.0,log2,True,,,,,,,,,,,,,,,,,,
RF,58,0.6968158993799016,0.8611120319812791,0.8343505477308295,0.0077853545285848785,0.04584488278364262,Low,0.1165,,,,,113.0,5.0,3.0,2.0,log2,True,,,,,,,,,,,,,,,,,,
RF,59,0.7357005166493511,0.9122984106864275,0.8456181533646323,0.00449002734785567,0.03663921223842707,High,0.0004,,,,,198.0,18.0,2.0,3.0,,True,,,,,,,,,,,,,,,,,,
RF,60,0.7398290960845106,0.8877983619344775,0.8385758998435054,0.00598870224752287,0.03291560125299825,High,0.0014,,,,,63.0,10.0,5.0,4.0,log2,False,,,,,,,,,,,,,,,,,,
RF,61,0.6986169935856404,0.900281786271451,0.837206572769953,0.003496595797635638,0.04619652639477087,High,0.0027,,,,,92.0,15.0,8.0,4.0,,True,,,,,,,,,,,,,,,,,,
RF,62,0.7120226763366124,0.9355516283151326,0.7921948356807513,0.0055167410354983355,0.026724053114712983,High,0.0,,,,,17.0,14.0,3.0,2.0,,False,,,,,,,,,,,,,,,,,,
RF,63,0.7145870042173148,0.8815554309672387,0.8385954616588419,0.006080146323531031,0.04133615248050905,High,0.0124,,,,,194.0,25.0,2.0,4.0,sqrt,True,,,,,,,,,,,,,,,,,,
RF,64,0.7159202637030133,0.8946631240249608,0.8442292644757433,0.004195216800508252,0.04276966692424335,High,0.0063,,,,,173.0,22.0,10.0,2.0,sqrt,True,,,,,,,,,,,,,,,,,,
RF,65,0.7419546940458943,0.9152620417316693,0.8455985915492958,0.005134155386093075,0.034547965834467176,High,0.0002,,,,,194.0,10.0,5.0,1.0,log2,True,,,,,,,,,,,,,,,,,,
RF,66,0.7212345780923215,0.8943523303432137,0.8442097026604068,0.005854711224127656,0.040991708189361764,High,0.0051,,,,,58.0,28.0,5.0,4.0,sqrt,False,,,,,,,,,,,,,,,,,,
RF,67,0.7137474798588834,0.8893581805772233,0.8470657276995304,0.006162098192858351,0.04443941594688229,High,0.0191,,,,,135.0,10.0,4.0,3.0,sqrt,True,,,,,,,,,,,,,,,,,,
RF,68,0.7038566799812089,0.9843945007800313,0.8329029733959311,0.002418117364727484,0.043015431138240724,High,0.0,,,,,155.0,18.0,3.0,1.0,,True,,,,,,,,,,,,,,,,,,
RF,69,0.7091689996557,0.9308692472698908,0.7977699530516432,0.005825058957496893,0.029533651131981083,High,0.0,,,,,153.0,20.0,8.0,1.0,,False,,,,,,,,,,,,,,,,,,
RF,70,0.6997709772955005,0.9115176482059283,0.8033450704225352,0.006314571656717897,0.034524697709011565,High,0.0,,,,,131.0,25.0,7.0,3.0,,False,,,,,,,,,,,,,,,,,,
RF,71,0.7049094298377347,0.9027783736349454,0.8371870109546166,0.00302683987929055,0.044092527038960626,High,0.0016,,,,,32.0,9.0,6.0,1.0,log2,True,,,,,,,,,,,,,,,,,,
RF,72,0.6682146205579647,0.8896716556162246,0.8076291079812206,0.009361865068071329,0.04647149580775196,High,0.0004,,,,,115.0,6.0,9.0,1.0,,False,,,,,,,,,,,,,,,,,,
RF,73,0.7164532811706628,0.8937273303432137,0.8470657276995304,0.005320049940309664,0.043537482176289215,High,0.0106,,,,,164.0,26.0,2.0,3.0,sqrt,True,,,,,,,,,,,,,,,,,,
RF,74,0.7080938732273814,0.8952878802652104,0.8132042253521126,0.005277785157728558,0.03503678404157705,High,0.0001,,,,,55.0,15.0,8.0,4.0,,False,,,,,,,,,,,,,,,,,,
svc,0,0.46609047019006833,0.6165742004680187,0.6166666666666667,0.005588641601619185,0.050192065492199456,Low,0.9957,,,,,,,,,,,0.01080632380176058,rbf,auto,2.0,,,,,,,,,,,,,,
svc,1,0.6066957192513485,0.789951248049922,0.78943661971831,0.0062075845016442855,0.060913633488987165,Low,0.9804,,,,,,,,,,,0.016082739979779635,linear,scale,3.0,,,,,,,,,,,,,,
svc,2,0.7027942063614081,0.8333341458658348,0.8273082942097026,0.0045872683646632426,0.04150469594943152,Low,0.675,,,,,,,,,,,65.07907500227506,linear,scale,2.0,,,,,,,,,,,,,,
svc,3,0.698625153529751,0.8661066692667706,0.8259194053208138,0.006036757360858402,0.04243141726368759,High,0.0195,,,,,,,,,,,31.60686088338281,rbf,auto,3.0,,,,,,,,,,,,,,
svc,4,0.7060541505213278,0.8951323615444619,0.8175078247261347,0.005809100842519974,0.03715122473493564,High,0.0001,,,,,,,,,,,27.732064420579167,rbf,scale,2.0,,,,,,,,,,,,,,
svc,5,0.6822705682509302,0.8302125585023401,0.8161189358372457,0.007201877613413505,0.044616122528771805,Low,0.3728,,,,,,,,,,,0.6054142122747815,linear,scale,3.0,,,,,,,,,,,,,,
svc,6,0.6910160759085517,0.8464442765210609,0.8287167449139281,0.008625570397500417,0.04590022300179211,Low,0.2823,,,,,,,,,,,8.835085258769935,rbf,auto,3.0,,,,,,,,,,,,,,
svc,7,0.6626203064631729,0.8185098966458659,0.8132433489827857,0.004562126536057017,0.05020768083987092,Low,0.761,,,,,,,,,,,1.3248145775279816,poly,auto,2.0,,,,,,,,,,,,,,
svc,8,0.6966727136279484,0.8998142550702027,0.8189358372456963,0.0052777819322285665,0.040754374539249315,High,0.0002,,,,,,,,,,,72.68674797731097,rbf,scale,3.0,,,,,,,,,,,,,,
svc,9,0.6819596814480592,0.8472240639625586,0.8160993740219092,0.00814740022579148,0.04471323085795003,High,0.0682,,,,,,,,,,,0.11640731173128958,poly,scale,4.0,,,,,,,,,,,,,,
svc,10,0.7007991692857731,0.877654299921997,0.8273474178403756,0.004862052836344012,0.0421827495182008,High,0.0059,,,,,,,,,,,0.9816031430579212,poly,scale,4.0,,,,,,,,,,,,,,
svc,11,0.6615303094920338,0.8130462656006239,0.8034037558685446,0.004613297172641404,0.04729114879217025,Low,0.5574,,,,,,,,,,,14.219488341765787,poly,auto,4.0,,,,,,,,,,,,,,
svc,12,0.698625153529751,0.8661066692667706,0.8259194053208138,0.006036757360858402,0.04243141726368759,High,0.0195,,,,,,,,,,,31.70522261432916,rbf,auto,4.0,,,,,,,,,,,,,,
svc,13,0.542284183492623,0.7347111446957878,0.731964006259781,0.010815295406341864,0.06322660758905267,Low,0.9004,,,,,,,,,,,0.0709336213703442,sigmoid,scale,2.0,,,,,,,,,,,,,,
svc,14,0.7027942063614081,0.8333341458658348,0.8273082942097026,0.0045872683646632426,0.04150469594943152,Low,0.675,,,,,,,,,,,12.833722430803116,linear,scale,3.0,,,,,,,,,,,,,,
svc,15,0.6858513257516619,0.8906057429797192,0.8217331768388106,0.004487311857677233,0.04529395036238292,High,0.0013,,,,,,,,,,,15.114983182299767,rbf,scale,3.0,,,,,,,,,,,,,,
svc,16,0.7027942063614081,0.8333341458658348,0.8273082942097026,0.0045872683646632426,0.04150469594943152,Low,0.675,,,,,,,,,,,24.640766196891338,linear,auto,2.0,,,,,,,,,,,,,,
svc,17,0.7027942063614081,0.8333341458658348,0.8273082942097026,0.0045872683646632426,0.04150469594943152,Low,0.675,,,,,,,,,,,17.91559827481024,linear,auto,3.0,,,,,,,,,,,,,,
svc,18,0.6744276438758675,0.8309933209828392,0.8203247261345853,0.007028037738914312,0.048632360752905925,Low,0.5305,,,,,,,,,,,4.772524027020559,poly,auto,2.0,,,,,,,,,,,,,,
svc,19,0.6517994660568717,0.8220970651326052,0.8076682316118935,0.005928454469592716,0.05195625518500729,Low,0.4287,,,,,,,,,,,0.08945215780530193,linear,scale,3.0,,,,,,,,,,,,,,
svc,20,0.6453356331434024,0.8105508970358815,0.8062793427230048,0.0071140708474013575,0.05364790319320082,Low,0.8179,,,,,,,,,,,0.029176859739010345,poly,scale,2.0,,,,,,,,,,,,,,
svc,21,0.6826327474388746,0.8238143525741028,0.8146909233176839,0.004990377370273612,0.0440193919596031,Low,0.5516,,,,,,,,,,,3.846371056521757,sigmoid,auto,2.0,,,,,,,,,,,,,,
svc,22,0.6066957192513485,0.789951248049922,0.78943661971831,0.006476219416033491,0.060913633488987165,Low,0.9804,,,,,,,,,,,0.02266962422815287,linear,scale,4.0,,,,,,,,,,,,,,
svc,23,0.6480036254980139,0.8157008092823712,0.8090375586854461,0.004893451878421677,0.05367797772914406,Low,0.7192,,,,,,,,,,,0.07701699268581902,rbf,scale,3.0,,,,,,,,,,,,,,
svc,24,0.5704295178164321,0.7534333560842434,0.7457942097026604,0.007079943202433591,0.058454897295409425,Low,0.7059,,,,,,,,,,,3.518792585259177,poly,auto,4.0,,,,,,,,,,,,,,
svc,25,0.46609047019006833,0.6165742004680187,0.6166666666666667,0.005588641601619185,0.050192065492199456,Low,0.9957,,,,,,,,,,,0.03240129339371779,poly,auto,2.0,,,,,,,,,,,,,,
svc,26,0.5482992802685447,0.7484406688767551,0.7387715179968701,0.01778385854465168,0.0634907459094418,Low,0.669,,,,,,,,,,,4.430103656736394,sigmoid,scale,4.0,,,,,,,,,,,,,,
svc,27,0.6737338551871734,0.8411373829953197,0.8259585289514867,0.0073490703278895515,0.050741557921437745,Low,0.3967,,,,,,,,,,,0.3683516484940617,poly,scale,2.0,,,,,,,,,,,,,,
svc,28,0.7027942063614081,0.8333341458658348,0.8273082942097026,0.0045872683646632426,0.04150469594943152,Low,0.675,,,,,,,,,,,7.550077339174237,linear,scale,3.0,,,,,,,,,,,,,,
svc,29,0.6066957192513485,0.7897952418096723,0.78943661971831,0.006278099280647313,0.060913633488987165,Low,0.9864,,,,,,,,,,,0.4719207672632961,sigmoid,auto,3.0,,,,,,,,,,,,,,
svc,30,0.49545145544863245,0.7457875877535102,0.7303794992175273,0.012775446166851907,0.07830934792296496,Low,0.5738,,,,,,,,,,,42.221863487942656,sigmoid,scale,4.0,,,,,,,,,,,,,,
svc,31,0.7027942063614081,0.8333341458658348,0.8273082942097026,0.0045872683646632426,0.04150469594943152,Low,0.675,,,,,,,,,,,2.6911114686952087,linear,auto,2.0,,,,,,,,,,,,,,
svc,32,0.6270035433183174,0.8007188475039001,0.799237089201878,0.006441281960979815,0.05741118196118687,Low,0.9403,,,,,,,,,,,0.1904230227894381,rbf,auto,2.0,,,,,,,,,,,,,,
svc,33,0.46609047019006833,0.6165742004680187,0.6166666666666667,0.005588641601619185,0.050192065492199456,Low,0.9957,,,,,,,,,,,0.04470166603285078,sigmoid,auto,2.0,,,,,,,,,,,,,,
svc,34,0.6066957192513485,0.7901072542901715,0.78943661971831,0.006404085945551133,0.060913633488987165,Low,0.9745,,,,,,,,,,,0.023416648243487603,linear,auto,3.0,,,,,,,,,,,,,,
svc,35,0.6832362496968395,0.8522179699687988,0.8132629107981222,0.007828855583235983,0.04334222036709424,High,0.025,,,,,,,,,,,90.87463970028726,poly,auto,4.0,,,,,,,,,,,,,,
svc,36,0.46609047019006833,0.6168862129485179,0.6166666666666667,0.005103904869219105,0.050192065492199456,Low,0.9899,,,,,,,,,,,0.13530246928223744,poly,auto,2.0,,,,,,,,,,,,,,
svc,37,0.7027942063614081,0.8333341458658348,0.8273082942097026,0.0045872683646632426,0.04150469594943152,Low,0.675,,,,,,,,,,,13.03267051600798,linear,scale,4.0,,,,,,,,,,,,,,
svc,38,0.7061973134848955,0.8776538124024962,0.824530516431925,0.0045104705149897764,0.03944440098234317,High,0.0029,,,,,,,,,,,88.05798397311966,rbf,auto,3.0,,,,,,,,,,,,,,
svc,39,0.6871193340667272,0.8857685744929797,0.8231416275430359,0.005288113940394564,0.0453407644921029,High,0.0025,,,,,,,,,,,2.991163864464993,poly,scale,4.0,,,,,,,,,,,,,,
svc,40,0.6565593161527242,0.8216292901716068,0.809076682316119,0.0060005295400949385,0.05083912205446492,Low,0.4802,,,,,,,,,,,0.0867779208037372,linear,auto,2.0,,,,,,,,,,,,,,
svc,41,0.6252070821094795,0.7994705538221529,0.7964397496087637,0.0064439885015578485,0.05707755583309472,Low,0.8776,,,,,,,,,,,0.22266177677230584,rbf,auto,2.0,,,,,,,,,,,,,,
svc,42,0.4494695754608687,0.6891409906396258,0.6799491392801251,0.040598204002158085,0.07682652127308548,Low,0.7558,,,,,,,,,,,0.16981282625808136,poly,auto,2.0,,,,,,,,,,,,,,
svc,43,0.46609047019006833,0.6165742004680187,0.6166666666666667,0.005588641601619185,0.050192065492199456,Low,0.9957,,,,,,,,,,,0.020957664822460306,poly,auto,3.0,,,,,,,,,,,,,,
svc,44,0.6839522169802287,0.8255313962558501,0.8175078247261345,0.004368621007618565,0.04451853591530192,Low,0.6033,,,,,,,,,,,0.1964352618514569,rbf,scale,4.0,,,,,,,,,,,,,,
svc,45,0.6375139403115255,0.8316190522620903,0.8090571205007825,0.010276814878774443,0.057181060063085674,Low,0.2722,,,,,,,,,,,26.512196972689036,sigmoid,auto,3.0,,,,,,,,,,,,,,
svc,46,0.7027942063614081,0.8333341458658348,0.8273082942097026,0.0045872683646632426,0.04150469594943152,Low,0.675,,,,,,,,,,,3.046320557260047,linear,scale,3.0,,,,,,,,,,,,,,
svc,47,0.6970901470278245,0.8373934769890796,0.8245109546165883,0.007926136517192093,0.04247360252958794,Low,0.3929,,,,,,,,,,,14.258862628735294,sigmoid,auto,4.0,,,,,,,,,,,,,,
svc,48,0.7027942063614081,0.8333341458658348,0.8273082942097026,0.0045872683646632426,0.04150469594943152,Low,0.675,,,,,,,,,,,3.0356939660602826,linear,scale,4.0,,,,,,,,,,,,,,
svc,49,0.46609047019006833,0.6165742004680187,0.6166666666666667,0.005588641601619185,0.050192065492199456,Low,0.9957,,,,,,,,,,,1.1308936802435743,poly,auto,4.0,,,,,,,,,,,,,,
svc,50,0.6623711311531729,0.8542477574102965,0.8161189358372457,0.007233284232082962,0.051249268228024274,High,0.0533,,,,,,,,,,,43.93192544386074,poly,auto,3.0,,,,,,,,,,,,,,
svc,51,0.6154466563286213,0.7940088728549142,0.7922339593114242,0.00653929606059961,0.058929100994267625,Low,0.9304,,,,,,,,,,,0.04321054704019729,linear,auto,2.0,,,,,,,,,,,,,,
svc,52,0.6762512201129023,0.8222547776911077,0.8062206572769952,0.005470488968623608,0.0433231457213643,Low,0.2984,,,,,,,,,,,0.03690644616224271,poly,scale,3.0,,,,,,,,,,,,,,
svc,53,0.49283180727843945,0.6914801092043682,0.6897887323943662,0.014148261334150092,0.0656523083719756,Low,0.9413,,,,,,,,,,,0.40098854920122845,sigmoid,scale,2.0,,,,,,,,,,,,,,
svc,54,0.6066957192513485,0.7902635042901716,0.78943661971831,0.006044072834244611,0.060913633488987165,Low,0.9685,,,,,,,,,,,0.014636920843760925,linear,auto,2.0,,,,,,,,,,,,,,
svc,55,0.5238024601913064,0.7116151521060843,0.7122652582159625,0.014275273148498076,0.06282093267488538,Low,0.9764,,,,,,,,,,,0.30427132823542824,sigmoid,scale,4.0,,,,,,,,,,,,,,
svc,56,0.6825621235381585,0.8306803334633385,0.8189358372456965,0.006012771720120579,0.04545790456917932,Low,0.4613,,,,,,,,,,,0.8637973049118164,linear,auto,2.0,,,,,,,,,,,,,,
svc,57,0.5075335271801472,0.724564401326053,0.7277777777777779,0.016653190253522753,0.0734147501992102,Low,0.9007,,,,,,,,,,,0.08357208349894438,sigmoid,auto,2.0,,,,,,,,,,,,,,
svc,58,0.7124637577071402,0.8959131240249609,0.8161189358372457,0.005465981069418919,0.034551726043368494,High,0.0001,,,,,,,,,,,20.983586988144587,poly,scale,3.0,,,,,,,,,,,,,,
svc,59,0.7027942063614081,0.8333341458658348,0.8273082942097026,0.0045872683646632426,0.04150469594943152,Low,0.675,,,,,,,,,,,63.90884611791668,linear,scale,2.0,,,,,,,,,,,,,,
svc,60,0.5265579410204873,0.7509392063182527,0.7319835680751174,0.021656181936611712,0.06847520901821004,Low,0.4455,,,,,,,,,,,0.08924030381884382,sigmoid,auto,4.0,,,,,,,,,,,,,,
svc,61,0.6106622480483728,0.7905755167706707,0.7908450704225352,0.006790529960819185,0.06006094079138744,Low,0.9896,,,,,,,,,,,0.026183175203361043,linear,scale,3.0,,,,,,,,,,,,,,
svc,62,0.7051777338762701,0.9087088046021841,0.8160798122065728,0.004878975967778363,0.0369673594434342,High,0.0,,,,,,,,,,,40.314511550832194,poly,scale,4.0,,,,,,,,,,,,,,
svc,63,0.6884382782415686,0.8896694617784713,0.8231416275430359,0.0045179683141194,0.04490111643382246,High,0.0016,,,,,,,,,,,13.270504358359753,rbf,scale,3.0,,,,,,,,,,,,,,
svc,64,0.6066957192513485,0.7897952418096723,0.78943661971831,0.006278099280647313,0.060913633488987165,Low,0.9864,,,,,,,,,,,0.01852563482460002,linear,scale,2.0,,,,,,,,,,,,,,
svc,65,0.6960694289915784,0.8589303822152885,0.8245305164319248,0.009206716399675748,0.042820362480115455,High,0.0406,,,,,,,,,,,1.0051060951647477,rbf,scale,4.0,,,,,,,,,,,,,,
svc,66,0.6299664049482109,0.7986895475819034,0.793622848200313,0.006678980792344358,0.054552147750700726,Low,0.7882,,,,,,,,,,,0.3499224763648595,rbf,auto,2.0,,,,,,,,,,,,,,
svc,67,0.7047607540041113,0.8732849063962558,0.8259389671361503,0.0052711607622426306,0.04039273771067968,High,0.0065,,,,,,,,,,,48.15826581885161,rbf,auto,2.0,,,,,,,,,,,,,,
svc,68,0.5474956669131278,0.76482498049922,0.7530516431924883,0.02432211116388687,0.06851865875978683,Low,0.6365,,,,,,,,,,,0.023787681533027023,rbf,scale,2.0,,,,,,,,,,,,,,
svc,69,0.6842224635263466,0.8807749122464898,0.8245305164319248,0.004926592181003154,0.04676935096852604,High,0.0057,,,,,,,,,,,6.431825298028793,rbf,scale,3.0,,,,,,,,,,,,,,
svc,70,0.69295382544778,0.8537782761310453,0.8245109546165883,0.006282045458245949,0.043852376389602786,High,0.0776,,,,,,,,,,,13.24131363259173,rbf,auto,3.0,,,,,,,,,,,,,,
svc,71,0.6869522280027591,0.8651711193447739,0.8217331768388106,0.007110670868172245,0.044926982945350497,High,0.0178,,,,,,,,,,,71.26980348001635,poly,auto,2.0,,,,,,,,,,,,,,
svc,72,0.6910160759085517,0.84675628900156,0.8287167449139281,0.007658845866307095,0.04590022300179211,Low,0.2732,,,,,,,,,,,8.522036336991304,rbf,auto,3.0,,,,,,,,,,,,,,
svc,73,0.6609618462933987,0.8191348966458658,0.811913145539906,0.012497870364684778,0.050317099748835775,Low,0.6848,,,,,,,,,,,33.179422760011505,sigmoid,auto,2.0,,,,,,,,,,,,,,
svc,74,0.47326359638708654,0.6652652106084244,0.6645539906103286,0.013709425230826444,0.06376346474108069,Low,0.9746,,,,,,,,,,,0.5952555479970244,sigmoid,scale,4.0,,,,,,,,,,,,,,
Naive,0,0.6103286384976525,0.7969739664586584,0.779518779342723,0.005416077394975398,0.05639671361502347,Low,0.379,,,,,,,,,,,,,,,0.0073017841459388985,,,,,,,,,,,,,
Naive,1,0.6071867713848904,0.7852705733229328,0.7781298904538342,0.005507823403721207,0.05698103968964794,Low,0.7168,,,,,,,,,,,,,,,2.8185213294110146e-05,,,,,,,,,,,,,
Naive,2,0.634418074026045,0.8027474161466459,0.7823356807511737,0.0062984065309650734,0.049305868908376224,Low,0.2482,,,,,,,,,,,,,,,0.017015972218247837,,,,,,,,,,,,,
Naive,3,0.6261413517559479,0.758740005850234,0.7528169014084507,0.010380612919047382,0.04222518321750094,Low,0.6913,,,,,,,,,,,,,,,1.257212396089056e-08,,,,,,,,,,,,,
Naive,4,0.6157569435666025,0.7855823420436817,0.7781298904538341,0.005564627544308022,0.05412431562907719,Low,0.6906,,,,,,,,,,,,,,,3.598826457934615e-06,,,,,,,,,,,,,
Naive,5,0.6128082001352675,0.7481279251170048,0.7429381846635368,0.011134589411106434,0.04337666150942309,Low,0.7352,,,,,,,,,,,,,,,5.0151321863366676e-09,,,,,,,,,,,,,
Naive,6,0.6406330836104925,0.7730974551482059,0.7668818466353677,0.007738022276712495,0.042082921008291745,Low,0.6726,,,,,,,,,,,,,,,1.4790545120937815e-07,,,,,,,,,,,,,
Naive,7,0.6157569435666025,0.7862073420436817,0.7781298904538341,0.00653643432398431,0.05412431562907719,Low,0.6669,,,,,,,,,,,,,,,9.231677408311714e-06,,,,,,,,,,,,,
Naive,8,0.6221682106350488,0.7888592043681747,0.7767018779342723,0.005525612800511373,0.05151122243307448,Low,0.4988,,,,,,,,,,,,,,,0.0011539545443901632,,,,,,,,,,,,,
Naive,9,0.6363824763384799,0.8043082098283932,0.7851525821596244,0.007556471050341118,0.04959003527371482,Low,0.2802,,,,,,,,,,,,,,,0.027190588027560803,,,,,,,,,,,,,
Naive,10,0.6157569435666025,0.7857390795631825,0.7781298904538341,0.006118061987648498,0.05412431562907719,Low,0.6847,,,,,,,,,,,,,,,1.1303630170597875e-05,,,,,,,,,,,,,
Naive,11,0.6196437141787481,0.7910437792511701,0.7780907668231611,0.0037114705903430693,0.05281568421480434,Low,0.4815,,,,,,,,,,,,,,,0.0023116932276466533,,,,,,,,,,,,,
Naive,12,0.6158993211282476,0.7988457975819033,0.7809272300469483,0.0058348621551199175,0.055009302972900215,Low,0.356,,,,,,,,,,,,,,,0.010043775833575748,,,,,,,,,,,,,
Naive,13,0.6111275432496249,0.7467238689547582,0.7415297339593113,0.011903659385567419,0.0434673969032288,Low,0.7365,,,,,,,,,,,,,,,4.351494334777166e-09,,,,,,,,,,,,,
Naive,14,0.6381659612257815,0.7687278178627145,0.7612676056338028,0.007403789696258256,0.041033881469340415,Low,0.6037,,,,,,,,,,,,,,,4.381066272591741e-08,,,,,,,,,,,,,
Naive,15,0.6147611456227394,0.7888589606084244,0.7795383411580594,0.004571379562149825,0.054925731845106664,Low,0.624,,,,,,,,,,,,,,,0.00031255221033624865,,,,,,,,,,,,,
Naive,16,0.6102538099092759,0.7440705440717628,0.7387519561815337,0.011430520700366913,0.04283271542408592,Low,0.7262,,,,,,,,,,,,,,,3.383686963569734e-09,,,,,,,,,,,,,
Naive,17,0.6071867713848904,0.7854268233229329,0.7781298904538342,0.005677202291245748,0.05698103968964794,Low,0.711,,,,,,,,,,,,,,,2.112398611021014e-05,,,,,,,,,,,,,
Naive,18,0.6103286384976525,0.7969739664586583,0.779518779342723,0.005233245511976104,0.05639671361502347,Low,0.3789,,,,,,,,,,,,,,,0.006840980512711539,,,,,,,,,,,,,
Naive,19,0.6381659612257815,0.7698196177847113,0.7612676056338028,0.006892947675194793,0.041033881469340415,Low,0.552,,,,,,,,,,,,,,,5.1847473947064577e-08,,,,,,,,,,,,,
Naive,20,0.6092962810011562,0.7542146060842433,0.7485915492957746,0.012210139969653557,0.04643175609820618,Low,0.7324,,,,,,,,,,,,,,,7.545834286188483e-09,,,,,,,,,,,,,
Naive,21,0.6703285520527187,0.8047764723088923,0.7964006259780908,0.007233830981872103,0.0420240246417907,Low,0.5694,,,,,,,,,,,,,,,0.14542505905371203,,,,,,,,,,,,,
Naive,22,0.6364833491642798,0.7815242297191887,0.7739827856025039,0.004678288194029145,0.045833145479408005,Low,0.6349,,,,,,,,,,,,,,,0.7041508633853639,,,,,,,,,,,,,
Naive,23,0.6553466783213107,0.8061810159906397,0.7978090766823162,0.005573188945535971,0.04748746612033517,Low,0.6117,,,,,,,,,,,,,,,0.05256592030249892,,,,,,,,,,,,,
Naive,24,0.6104826929040813,0.7863628607644305,0.7795383411580594,0.005389025351424789,0.05635188275132603,Low,0.7258,,,,,,,,,,,,,,,7.112312581691505e-05,,,,,,,,,,,,,
Naive,25,0.6385415372185865,0.7709121489859594,0.7640845070422535,0.0065095400333873826,0.041847656607889014,Low,0.6397,,,,,,,,,,,,,,,9.638225775365359e-08,,,,,,,,,,,,,
Naive,26,0.6193392202340822,0.7887031981279252,0.7809467918622848,0.004723391776782299,0.0538691905427342,Low,0.6769,,,,,,,,,,,,,,,0.0002675948974913605,,,,,,,,,,,,,
Naive,27,0.627473894920538,0.7370490444617784,0.7303403755868545,0.010979375849020489,0.03428882688877219,Low,0.5875,,,,,,,,,,,,,,,1.7917334149843909e-09,,,,,,,,,,,,,
Naive,28,0.6165412655549589,0.7887034418876755,0.779518779342723,0.0056524294302844995,0.054325837929254696,Low,0.6258,,,,,,,,,,,,,,,0.0008499347517353091,,,,,,,,,,,,,
Naive,29,0.6071867713848904,0.7855828295631825,0.7781298904538342,0.005969401590665578,0.05698103968964794,Low,0.7052,,,,,,,,,,,,,,,3.319207553842985e-05,,,,,,,,,,,,,
Naive,30,0.6103286384976525,0.7941658541341654,0.779518779342723,0.0052926976156562975,0.05639671361502347,Low,0.4575,,,,,,,,,,,,,,,0.004804790780989539,,,,,,,,,,,,,
Naive,31,0.6385415372185865,0.7710683989859594,0.7640845070422535,0.006696854033847587,0.041847656607889014,Low,0.6323,,,,,,,,,,,,,,,1.0209169114486831e-07,,,,,,,,,,,,,
Naive,32,0.6103286384976525,0.797129972698908,0.779518779342723,0.005487047380029956,0.05639671361502347,Low,0.375,,,,,,,,,,,,,,,0.0072465177607169825,,,,,,,,,,,,,
Naive,33,0.6278089310205418,0.7810547484399376,0.7726134585289516,0.004792383949304908,0.0482681758361366,Low,0.614,,,,,,,,,,,,,,,0.7658795402519079,,,,,,,,,,,,,
Naive,34,0.6290992712501725,0.760300555772231,0.7556338028169014,0.010309291216031484,0.042178177188909635,Low,0.7537,,,,,,,,,,,,,,,1.4735127582515786e-08,,,,,,,,,,,,,
Naive,35,0.6157569435666025,0.7857390795631825,0.7781298904538341,0.006118061987648498,0.05412431562907719,Low,0.6847,,,,,,,,,,,,,,,1.199023027395121e-05,,,,,,,,,,,,,
Naive,36,0.6553466783213107,0.8061807722308891,0.7978090766823162,0.005537796563780598,0.04748746612033517,Low,0.6117,,,,,,,,,,,,,,,0.05513730764164625,,,,,,,,,,,,,
Naive,37,0.6410632408761666,0.7908853354134167,0.782394366197183,0.00714565240263539,0.04711037510700547,Low,0.6053,,,,,,,,,,,,,,,0.41249711646905884,,,,,,,,,,,,,
Naive,38,0.6385415372185865,0.7707561427457098,0.7640845070422535,0.006823673498362669,0.041847656607889014,Low,0.6476,,,,,,,,,,,,,,,9.461219482701988e-08,,,,,,,,,,,,,
Naive,39,0.6071867713848904,0.7855825858034322,0.7781298904538342,0.0055554783253467625,0.05698103968964794,Low,0.7051,,,,,,,,,,,,,,,3.0336051410722117e-05,,,,,,,,,,,,,
Naive,40,0.6094298927608834,0.7854268233229329,0.7795383411580594,0.005677202291245748,0.05670281613239199,Low,0.7635,,,,,,,,,,,,,,,1.7541270258595048e-05,,,,,,,,,,,,,
Naive,41,0.6157569435666025,0.7857385920436817,0.7781298904538341,0.005680876308345483,0.05412431562907719,Low,0.6845,,,,,,,,,,,,,,,3.805023449400465e-06,,,,,,,,,,,,,
Naive,42,0.6352752045062172,0.7829292609204368,0.7739045383411581,0.006940735743725175,0.046209777944980296,Low,0.5759,,,,,,,,,,,,,,,6.903133602471429e-07,,,,,,,,,,,,,
Naive,43,0.6157569435666025,0.7858945982839314,0.7781298904538341,0.0059647472196005585,0.05412431562907719,Low,0.6786,,,,,,,,,,,,,,,2.6433943375492086e-06,,,,,,,,,,,,,
Naive,44,0.634418074026045,0.8030594286271452,0.7823356807511737,0.0062859444145921895,0.049305868908376224,Low,0.2416,,,,,,,,,,,,,,,0.017426009870256887,,,,,,,,,,,,,
Naive,45,0.6377815166815675,0.792758141575663,0.7851917057902973,0.008094700478450673,0.049136729702909936,Low,0.6588,,,,,,,,,,,,,,,0.35954645261213414,,,,,,,,,,,,,
Naive,46,0.6406330836104925,0.7740337363494539,0.7668818466353677,0.008126564630154643,0.042082921008291745,Low,0.6279,,,,,,,,,,,,,,,1.8883619643717552e-07,,,,,,,,,,,,,
Naive,47,0.6519169912218727,0.7893235666926677,0.7781690140845071,0.010395226422878927,0.04208400762087812,Low,0.4578,,,,,,,,,,,,,,,0.44965557695376596,,,,,,,,,,,,,
Naive,48,0.634418074026045,0.8032154348673947,0.7823356807511737,0.006901925202310622,0.049305868908376224,Low,0.2388,,,,,,,,,,,,,,,0.02097694550043634,,,,,,,,,,,,,
Naive,49,0.6243752002184659,0.7915122854914196,0.780907668231612,0.00393269640502754,0.05217748933771535,Low,0.5581,,,,,,,,,,,,,,,0.0026766662134058406,,,,,,,,,,,,,
Naive,50,0.6158482310140341,0.7874549044461778,0.7795383411580594,0.0051412537638357856,0.054563370048008465,Low,0.6748,,,,,,,,,,,,,,,0.00013900066404645226,,,,,,,,,,,,,
Naive,51,0.6580660632037654,0.8032164099063962,0.7949921752738655,0.007453139328306767,0.04564203735670003,Low,0.606,,,,,,,,,,,,,,,0.15699864714523515,,,,,,,,,,,,,
Naive,52,0.6381659612257815,0.7691958365834634,0.7612676056338028,0.007559492568868293,0.041033881469340415,Low,0.5817,,,,,,,,,,,,,,,4.448885701088798e-08,,,,,,,,,,,,,
Naive,53,0.6405284784029555,0.7780908736349453,0.769679186228482,0.008741595514849205,0.04305023594184216,Low,0.5787,,,,,,,,,,,,,,,3.6858797676209604e-07,,,,,,,,,,,,,
Naive,54,0.6224149173002306,0.7286227574102965,0.7219092331768387,0.012024237182865488,0.03316477195886938,Low,0.5792,,,,,,,,,,,,,,,1.055715967548801e-09,,,,,,,,,,,,,
Naive,55,0.6232256498227952,0.7858945982839314,0.7781103286384976,0.00628269694583653,0.05162822627190083,Low,0.6637,,,,,,,,,,,,,,,1.8292960485437423e-06,,,,,,,,,,,,,
Naive,56,0.6666039141367891,0.8082098283931357,0.7964006259780907,0.0059770448497842256,0.04326557061376719,Low,0.4375,,,,,,,,,,,,,,,0.07180114168344998,,,,,,,,,,,,,
Naive,57,0.6399269770227873,0.7798079173166926,0.7724960876369328,0.007680843602709509,0.04418970353804849,Low,0.6358,,,,,,,,,,,,,,,4.3767137734412433e-07,,,,,,,,,,,,,
Naive,58,0.6385870099067525,0.7819934672386895,0.7724960876369328,0.008049537806283633,0.044636359243393424,Low,0.5446,,,,,,,,,,,,,,,5.825025658667525e-07,,,,,,,,,,,,,
Naive,59,0.6065854678198593,0.7885471918876755,0.7809467918622848,0.0051672126342272254,0.058120441347475134,Low,0.7049,,,,,,,,,,,,,,,0.00045595474660969465,,,,,,,,,,,,,
Naive,60,0.6553466783213107,0.8063370222308892,0.7978090766823162,0.0054712917252047995,0.04748746612033517,Low,0.6051,,,,,,,,,,,,,,,0.051896340815273445,,,,,,,,,,,,,
Naive,61,0.6195898841689433,0.7389218506240249,0.7317488262910798,0.011660599104854943,0.03738631404071216,Low,0.5939,,,,,,,,,,,,,,,2.1533270949041517e-09,,,,,,,,,,,,,
Naive,62,0.6196437141787481,0.789171216848674,0.7780907668231611,0.005089171701792983,0.05281568421480434,Low,0.5463,,,,,,,,,,,,,,,0.0012540385047987224,,,,,,,,,,,,,
Naive,63,0.6332877314644214,0.7854258482839314,0.775293427230047,0.005838529394208498,0.04733523192187521,Low,0.5393,,,,,,,,,,,,,,,1.2038549447678657e-06,,,,,,,,,,,,,
Naive,64,0.6158482310140341,0.7877671606864276,0.7795383411580594,0.005192174143906696,0.054563370048008465,Low,0.6629,,,,,,,,,,,,,,,0.00016946567392788433,,,,,,,,,,,,,
Naive,65,0.6104826929040813,0.7858948420436817,0.7795383411580594,0.0059154545522253224,0.05635188275132603,Low,0.744,,,,,,,,,,,,,,,4.781390010948545e-05,,,,,,,,,,,,,
Naive,66,0.6104826929040813,0.7862068545241809,0.7795383411580594,0.005632313156473935,0.05635188275132603,Low,0.7319,,,,,,,,,,,,,,,5.8696788583540815e-05,,,,,,,,,,,,,
Naive,67,0.6581067995131077,0.8010318350234009,0.79358372456964,0.006683027143712473,0.0451589750188441,Low,0.6357,,,,,,,,,,,,,,,0.19199011972345928,,,,,,,,,,,,,
Naive,68,0.634418074026045,0.8029034223868955,0.7823356807511737,0.006813991056086677,0.049305868908376224,Low,0.2453,,,,,,,,,,,,,,,0.02216841338150663,,,,,,,,,,,,,
Naive,69,0.6128082001352675,0.7500012187987519,0.7429381846635368,0.011668087529913562,0.04337666150942309,Low,0.647,,,,,,,,,,,,,,,5.622709274696032e-09,,,,,,,,,,,,,
Naive,70,0.6128082001352675,0.7492204563182528,0.7429381846635368,0.011600296014961384,0.04337666150942309,Low,0.6833,,,,,,,,,,,,,,,5.268350084525536e-09,,,,,,,,,,,,,
Naive,71,0.6104826929040813,0.7862068545241809,0.7795383411580594,0.005632313156473935,0.05635188275132603,Low,0.7319,,,,,,,,,,,,,,,5.8678814165869586e-05,,,,,,,,,,,,,
Naive,72,0.6092962810011562,0.7553071372854914,0.7485915492957746,0.011625387081814766,0.04643175609820618,Low,0.6826,,,,,,,,,,,,,,,7.975341642118794e-09,,,,,,,,,,,,,
Naive,73,0.6198053073649794,0.7888594481279252,0.7781103286384977,0.005472651241747318,0.05276834042450611,Low,0.558,,,,,,,,,,,,,,,0.0009167851570802653,,,,,,,,,,,,,
Naive,74,0.6221682106350488,0.7890152106084243,0.7767018779342723,0.0054274550217013025,0.05151122243307448,Low,0.4934,,,,,,,,,,,,,,,0.0011937946170986237,,,,,,,,,,,,,
gbm,0,0.6518559064026204,0.8278695397815913,0.7964006259780907,0.009397266217614915,0.04818157319182345,High,0.0843,,,,,,,,,,,,,,,,33.0,0.05045326210693898,2.0,2.0,3.0,,,,,,,,
gbm,1,0.6971563517122938,0.8637653568642746,0.832942097026604,0.007094010525165439,0.045261915104770074,High,0.0728,,,,,,,,,,,,,,,,33.0,0.0811166572843645,3.0,10.0,1.0,sqrt,,,,,,,
gbm,2,0.7260129365570601,0.8860808307332293,0.8428403755868544,0.005010167700903284,0.0389424796765981,High,0.0088,,,,,,,,,,,,,,,,34.0,0.04293596187737948,6.0,2.0,4.0,sqrt,,,,,,,
gbm,3,0.6739394375895378,0.8228775838533542,0.8188771517996869,0.003838891204404165,0.04831257140338306,Low,0.8099,,,,,,,,,,,,,,,,35.0,0.16652760528555186,1.0,3.0,4.0,,,,,,,,
gbm,4,0.7004404626042843,0.8308339021060842,0.803462441314554,0.01309553808387867,0.0343406595700899,High,0.0461,,,,,,,,,,,,,,,,16.0,0.038222095631854344,3.0,8.0,3.0,,,,,,,,
gbm,5,0.6612273591083052,0.8185089216068644,0.8118544600938968,0.0037850293884396586,0.05020903366186386,Low,0.7009,,,,,,,,,,,,,,,,27.0,0.1729773149441308,1.0,4.0,3.0,,,,,,,,
gbm,6,0.7019448090468381,0.8710998439937597,0.8400430359937401,0.006961969994022549,0.04603274231563398,High,0.075,,,,,,,,,,,,,,,,10.0,0.10805779480955907,5.0,3.0,3.0,sqrt,,,,,,,
gbm,7,0.6367405349548914,0.8117977281591264,0.7922143974960877,0.002975713054885092,0.051824620847065433,Low,0.2868,,,,,,,,,,,,,,,,29.0,0.10439787528698813,1.0,7.0,1.0,log2,,,,,,,
gbm,8,0.6953376129916551,0.9085523108424336,0.8315532081377153,0.006625573079513953,0.045405198382020076,High,0.0006,,,,,,,,,,,,,,,,40.0,0.11246423933676654,4.0,4.0,4.0,,,,,,,,
gbm,9,0.697357540690191,0.83661247074883,0.8216940532081377,0.00948648276388398,0.04144550417264891,Low,0.3174,,,,,,,,,,,,,,,,31.0,0.10939582834217759,2.0,4.0,1.0,log2,,,,,,,
gbm,10,0.7033676888060661,0.9101133482839312,0.8385758998435054,0.0075148293677205,0.04506940367914642,High,0.001,,,,,,,,,,,,,,,,31.0,0.16908489661515969,5.0,3.0,3.0,sqrt,,,,,,,
gbm,11,0.6773602930955842,0.833490639625585,0.8259585289514867,0.005503362950630586,0.049532745285300835,Low,0.6607,,,,,,,,,,,,,,,,19.0,0.11332153959562309,2.0,3.0,2.0,log2,,,,,,,
gbm,12,0.7312047852853387,0.8868615932137287,0.841392801251956,0.007069379433810729,0.036729338655539116,High,0.0047,,,,,,,,,,,,,,,,47.0,0.0616408581637596,5.0,9.0,4.0,log2,,,,,,,
gbm,13,0.7015360119531298,0.8931045241809672,0.8329616588419405,0.006294079331079054,0.043808548962936934,High,0.0025,,,,,,,,,,,,,,,,35.0,0.14048082755180671,3.0,3.0,1.0,,,,,,,,
gbm,14,0.6195382781627081,0.7901074980499219,0.7852503912363068,0.009745441293034047,0.0552373710245329,Low,0.8005,,,,,,,,,,,,,,,,14.0,0.1167710226290391,1.0,3.0,1.0,sqrt,,,,,,,
gbm,15,0.6272350627480405,0.7676340678627145,0.7669992175273864,0.004275392703381162,0.0465880515931153,Low,0.9684,,,,,,,,,,,,,,,,22.0,0.024736195850842427,2.0,8.0,3.0,log2,,,,,,,
gbm,16,0.7116088497974229,0.896379923946958,0.8442097026604068,0.0066261372567335925,0.04420028428766134,High,0.0063,,,,,,,,,,,,,,,,32.0,0.08111679038730935,6.0,7.0,3.0,log2,,,,,,,
gbm,17,0.6842945835172579,0.8821799434477379,0.8330007824726134,0.0075332638385107575,0.04956873298511851,High,0.0157,,,,,,,,,,,,,,,,43.0,0.1797890884340536,3.0,4.0,1.0,log2,,,,,,,
gbm,18,0.48959958816924715,0.707241858424337,0.696830985915493,0.007646317493195793,0.06907713258208194,Low,0.6635,,,,,,,,,,,,,,,,12.0,0.03162116631027295,2.0,9.0,4.0,sqrt,,,,,,,
gbm,19,0.7016816884990865,0.8667294754290171,0.835817683881064,0.007799596579082565,0.04471199846065917,High,0.0696,,,,,,,,,,,,,,,,49.0,0.014342673938560934,6.0,5.0,4.0,sqrt,,,,,,,
gbm,20,0.7065749741206919,0.8698515503120123,0.8315727699530516,0.009805372257914462,0.04166593194411989,High,0.023,,,,,,,,,,,,,,,,16.0,0.11163041285248616,4.0,2.0,4.0,sqrt,,,,,,,
gbm,21,0.6857327029673286,0.8820239372074882,0.8302230046948356,0.007663068976831316,0.04816343390916898,High,0.0104,,,,,,,,,,,,,,,,16.0,0.1528032872694978,5.0,8.0,4.0,log2,,,,,,,
gbm,22,0.6587239388927073,0.8016541536661468,0.7921948356807512,0.00674697682673697,0.044490298929347964,Low,0.5433,,,,,,,,,,,,,,,,38.0,0.015404050109102244,2.0,2.0,3.0,,,,,,,,
gbm,23,0.7280087759653797,0.9684782078783151,0.8273669796557119,0.003671370994735317,0.03311940123011076,High,0.0,,,,,,,,,,,,,,,,37.0,0.1972447301026212,6.0,6.0,4.0,,,,,,,,
gbm,24,0.7024969994660771,0.9201009165366614,0.8442097026604068,0.006674363891976406,0.04723756773144323,High,0.0009,,,,,,,,,,,,,,,,33.0,0.1404291843301741,4.0,2.0,1.0,,,,,,,,
gbm,25,0.7088921937132675,0.9048079173166925,0.8357589984350546,0.004810510352685463,0.04228893490726239,High,0.0008,,,,,,,,,,,,,,,,36.0,0.10584291269245673,5.0,3.0,2.0,sqrt,,,,,,,
gbm,26,0.6873368195577905,0.8787468311232448,0.8287949921752737,0.008355017438374116,0.04715272420582778,High,0.0113,,,,,,,,,,,,,,,,14.0,0.1528569213335712,5.0,6.0,4.0,log2,,,,,,,
gbm,27,0.7137680092033344,0.9310240347113885,0.8315532081377152,0.003803999429113243,0.03926173297812692,High,0.0,,,,,,,,,,,,,,,,13.0,0.18111303528451114,6.0,5.0,3.0,,,,,,,,
gbm,28,0.7129504395844828,0.9218169851794071,0.8385758998435054,0.004592856091316182,0.04187515341967422,High,0.0002,,,,,,,,,,,,,,,,46.0,0.18115392216118464,5.0,7.0,3.0,log2,,,,,,,
gbm,29,0.6935976122465517,0.8579931259750391,0.8287167449139281,0.007394625048471452,0.045039710889125464,High,0.0848,,,,,,,,,,,,,,,,25.0,0.12521898203816317,2.0,3.0,4.0,,,,,,,,
gbm,30,0.7036326000316409,0.897004923946958,0.8385954616588419,0.0072035832645347955,0.04498762054240033,High,0.0036,,,,,,,,,,,,,,,,39.0,0.08073973724185768,5.0,8.0,1.0,log2,,,,,,,
gbm,31,0.7175459513372477,0.875625,0.8428599374021909,0.005781079256708167,0.041771328688314374,High,0.0437,,,,,,,,,,,,,,,,24.0,0.050137587873817016,6.0,3.0,4.0,log2,,,,,,,
gbm,32,0.6764709363656336,0.8305260335413417,0.8091353677621284,0.006396362122656988,0.04422147713216494,Low,0.1835,,,,,,,,,,,,,,,,11.0,0.048429140822906024,5.0,9.0,4.0,log2,,,,,,,
gbm,33,0.7008206119326841,0.8973166926677066,0.8330007824726134,0.006141026556754628,0.04406005684664313,High,0.0017,,,,,,,,,,,,,,,,43.0,0.15866517787899573,4.0,6.0,4.0,sqrt,,,,,,,
gbm,34,0.6680160183480082,0.8426984204368175,0.8118935837245698,0.013010297294592596,0.047959188458853885,High,0.0916,,,,,,,,,,,,,,,,17.0,0.11259469684289816,2.0,3.0,4.0,,,,,,,,
gbm,35,0.7066727959161165,0.928060647425897,0.8357003129890452,0.0064320563625687435,0.043009172357642886,High,0.0001,,,,,,,,,,,,,,,,36.0,0.19303124875463656,6.0,8.0,3.0,log2,,,,,,,
gbm,36,0.7210034949378762,0.91479377925117,0.8357785602503913,0.005811614436083888,0.0382583551041717,High,0.0001,,,,,,,,,,,,,,,,37.0,0.188742785291987,5.0,3.0,3.0,log2,,,,,,,
gbm,37,0.6956044806157909,0.8913872367394695,0.8344287949921754,0.008036867138482204,0.04627477145879481,High,0.0049,,,,,,,,,,,,,,,,30.0,0.13682902547567813,5.0,7.0,4.0,log2,,,,,,,
gbm,38,0.7084220276156863,0.8589284321372854,0.8357394366197184,0.0076438305036727406,0.04243913633467737,Low,0.1391,,,,,,,,,,,,,,,,43.0,0.13636744740845796,2.0,5.0,2.0,sqrt,,,,,,,
gbm,39,0.7100494782611259,0.8675107254290172,0.8427425665101721,0.005908627360487798,0.04423102941634875,Low,0.1291,,,,,,,,,,,,,,,,33.0,0.055536431017097515,3.0,10.0,2.0,,,,,,,,
gbm,40,0.6936043980324063,0.8915425117004683,0.8414514866979657,0.007640911363638812,0.04928236288851981,High,0.0139,,,,,,,,,,,,,,,,20.0,0.09837127408694049,5.0,3.0,1.0,log2,,,,,,,
gbm,41,0.7103405843808499,0.8815564060062403,0.8385954616588419,0.008062374438828538,0.042751625759330676,High,0.0148,,,,,,,,,,,,,,,,22.0,0.14485331687570493,4.0,3.0,1.0,log2,,,,,,,
gbm,42,0.6585423511383925,0.8344254582683307,0.8189162754303598,0.010317660741730251,0.05345797476398909,Low,0.4135,,,,,,,,,,,,,,,,16.0,0.04012805364747465,4.0,9.0,3.0,log2,,,,,,,
gbm,43,0.640139718362597,0.8272474648985961,0.8147104851330204,0.0077017534706484685,0.05819025559014113,Low,0.5371,,,,,,,,,,,,,,,,19.0,0.09503620182544457,2.0,3.0,3.0,log2,,,,,,,
gbm,44,0.7085201817794706,0.8693832878315133,0.838556338028169,0.00800154231684884,0.043345385416232785,High,0.0634,,,,,,,,,,,,,,,,10.0,0.13773019256637933,4.0,8.0,2.0,sqrt,,,,,,,
gbm,45,0.6159805952066985,0.8016536661466459,0.8006651017214397,0.007703618663415192,0.06156150217158041,Low,0.9629,,,,,,,,,,,,,,,,35.0,0.037795476409670556,1.0,4.0,2.0,,,,,,,,
gbm,46,0.7201180265000229,0.9269664099063963,0.8273278560250391,0.006465993400286357,0.03573660984167209,High,0.0,,,,,,,,,,,,,,,,38.0,0.06645359999040898,6.0,5.0,4.0,,,,,,,,
gbm,47,0.7157200089703122,0.8941951053042121,0.8357394366197182,0.00630695446415948,0.040006475883135335,High,0.0017,,,,,,,,,,,,,,,,17.0,0.10325914854728965,6.0,10.0,2.0,sqrt,,,,,,,
gbm,48,0.6657111238109956,0.9382034906396257,0.8245500782472615,0.004729438612510374,0.05294631814542193,High,0.0001,,,,,,,,,,,,,,,,19.0,0.13087209977959977,6.0,4.0,2.0,,,,,,,,
gbm,49,0.6474449743244196,0.8136705343213728,0.7950312989045384,0.003889464797543878,0.04919544152670626,Low,0.2861,,,,,,,,,,,,,,,,50.0,0.06774207047430358,1.0,9.0,4.0,log2,,,,,,,
gbm,50,0.6618066227153697,0.8233470651326054,0.8203442879499218,0.0058335091520917886,0.05284588841151734,Low,0.8691,,,,,,,,,,,,,,,,11.0,0.1687651141714659,2.0,9.0,3.0,log2,,,,,,,
gbm,51,0.6427796202090793,0.8275602086583463,0.8133215962441314,0.010268349556935704,0.056847325345017345,Low,0.4774,,,,,,,,,,,,,,,,49.0,0.02914718417704311,2.0,3.0,3.0,log2,,,,,,,
gbm,52,0.6959171551391602,0.9193199102964119,0.8357785602503913,0.005403924502933365,0.04662046837041037,High,0.0004,,,,,,,,,,,,,,,,45.0,0.11223223677517237,6.0,2.0,3.0,log2,,,,,,,
gbm,53,0.7039218771709694,0.8568988884555381,0.8371283255086072,0.007362587937843861,0.044402149445879266,Low,0.2185,,,,,,,,,,,,,,,,49.0,0.14129079020767227,2.0,7.0,3.0,sqrt,,,,,,,
gbm,54,0.7312047852853387,0.8820239372074884,0.841392801251956,0.0065671966884620235,0.036729338655539116,High,0.009,,,,,,,,,,,,,,,,36.0,0.06600979077231553,5.0,4.0,4.0,log2,,,,,,,
gbm,55,0.7249200254673676,0.8748447250390015,0.842781690140845,0.0053317647767231295,0.039287221557825845,High,0.0373,,,,,,,,,,,,,,,,28.0,0.10067541749665561,4.0,8.0,3.0,sqrt,,,,,,,
gbm,56,0.6823702768491784,0.9536537148985959,0.8202660406885759,0.006076186389751435,0.0459652546131325,High,0.0,,,,,,,,,,,,,,,,31.0,0.1506294844703434,6.0,7.0,2.0,,,,,,,,
gbm,57,0.6852922888627031,0.8918540366614666,0.828755868544601,0.005711735881682613,0.047821193227299295,High,0.0033,,,,,,,,,,,,,,,,36.0,0.18376402723773513,4.0,10.0,2.0,log2,,,,,,,
gbm,58,0.7048766211950896,0.8542465386115445,0.8343505477308295,0.008606913744497015,0.04315797551191329,Low,0.2057,,,,,,,,,,,,,,,,39.0,0.15724403968066022,2.0,10.0,3.0,sqrt,,,,,,,
gbm,59,0.7153337885734159,0.8910752242589706,0.834370109546166,0.006323254600922702,0.03967877365758338,High,0.002,,,,,,,,,,,,,,,,46.0,0.061167577320819615,5.0,6.0,2.0,log2,,,,,,,
gbm,60,0.6958503061539082,0.8523742199687987,0.8259194053208138,0.00954376323260891,0.04335636638896853,Low,0.1045,,,,,,,,,,,,,,,,45.0,0.06063324574822326,2.0,2.0,4.0,,,,,,,,
gbm,61,0.6472308562176226,0.8053997659906397,0.7879890453834115,0.00833829429592341,0.0469193963885963,Low,0.2999,,,,,,,,,,,,,,,,43.0,0.03996323992028442,1.0,3.0,3.0,sqrt,,,,,,,
gbm,62,0.7162957621365427,0.9087083170826833,0.834330985915493,0.007389209676658598,0.03934507459298346,High,0.0003,,,,,,,,,,,,,,,,23.0,0.17442687547896088,4.0,8.0,3.0,,,,,,,,
gbm,63,0.6496218282989497,0.8158563280031202,0.7950117370892019,0.0073567171179948045,0.048463302930084086,Low,0.2326,,,,,,,,,,,,,,,,10.0,0.13047480975472958,2.0,10.0,4.0,,,,,,,,
gbm,64,0.7106326509062582,0.8662617004680188,0.8441510172143974,0.005904275873645345,0.0445061221027131,Low,0.1725,,,,,,,,,,,,,,,,14.0,0.11766913940022036,3.0,9.0,1.0,,,,,,,,
gbm,65,0.7162957621365427,0.8801503997659907,0.834330985915493,0.007133519912616054,0.03934507459298346,High,0.0068,,,,,,,,,,,,,,,,23.0,0.03589589337147848,5.0,6.0,3.0,,,,,,,,
gbm,66,0.7075683254680456,0.8330231084243371,0.8118544600938966,0.007603167592211688,0.034762044875283685,Low,0.1051,,,,,,,,,,,,,,,,19.0,0.048170341118083666,3.0,7.0,1.0,sqrt,,,,,,,
gbm,67,0.697581891619597,0.9012185549921996,0.841392801251956,0.005059564243303897,0.04793696987745299,High,0.0046,,,,,,,,,,,,,,,,28.0,0.09200154407789461,6.0,8.0,3.0,sqrt,,,,,,,
gbm,68,0.6918330148886278,0.8419179017160687,0.8344287949921754,0.0043604377800595066,0.047531926701182524,Low,0.6489,,,,,,,,,,,,,,,,29.0,0.04225905833476143,3.0,4.0,4.0,log2,,,,,,,
gbm,69,0.7033010199807703,0.9068357546801872,0.8371674491392801,0.006468878973666833,0.0446221430528366,High,0.0011,,,,,,,,,,,,,,,,21.0,0.15997763859299102,4.0,4.0,2.0,,,,,,,,
gbm,70,0.6932076311538817,0.8754699687987519,0.8259194053208138,0.009120930719343744,0.04423725805564401,High,0.0084,,,,,,,,,,,,,,,,23.0,0.026562318807807538,5.0,6.0,2.0,,,,,,,,
gbm,71,0.7209249612107869,0.8746899375975039,0.832981220657277,0.007014734169119058,0.03735208648216336,High,0.0085,,,,,,,,,,,,,,,,41.0,0.15921832230506602,3.0,2.0,2.0,sqrt,,,,,,,
gbm,72,0.7232774199477363,0.8751582000780032,0.8273082942097026,0.007010096662071061,0.03467695808732211,High,0.0024,,,,,,,,,,,,,,,,14.0,0.03698290853272788,5.0,2.0,1.0,,,,,,,,
gbm,73,0.7079774232400139,0.925404397425897,0.8498630672926447,0.0055054682138557035,0.04729521468421027,High,0.001,,,,,,,,,,,,,,,,50.0,0.1497387523480809,5.0,7.0,2.0,sqrt,,,,,,,
gbm,74,0.7230854041140268,0.8849890308112325,0.834370109546166,0.006633220179426282,0.03709490181071306,High,0.0026,,,,,,,,,,,,,,,,18.0,0.1883147331915925,5.0,3.0,3.0,log2,,,,,,,
Knn,0,0.7014709203319344,0.8612675507020281,0.8258998435054773,0.005974457020679747,0.04147630772451431,High,0.0312,,,,,,,,,,,,,,,,,,,,,,7.0,uniform,1.0,,,,
Knn,1,0.6613499296476504,0.9881401131045242,0.7950117370892019,0.0019966480638327114,0.0445539358138505,High,0.0,,,,,,,,,,,,,,,,,,,,,,3.0,distance,1.0,,,,
Knn,2,0.6599983231822841,0.8598652008580343,0.8132824726134584,0.006372055600798536,0.051094716477058114,High,0.0232,,,,,,,,,,,,,,,,,,,,,,9.0,uniform,1.0,,,,
Knn,3,0.6807829107816874,0.9881401131045242,0.8090571205007825,0.0019966480638327114,0.042758069906365014,High,0.0,,,,,,,,,,,,,,,,,,,,,,7.0,distance,1.0,,,,
Knn,4,0.6807829107816874,0.9881401131045242,0.8090571205007825,0.0019966480638327114,0.042758069906365014,High,0.0,,,,,,,,,,,,,,,,,,,,,,7.0,distance,1.0,,,,
Knn,5,0.656126485719599,0.8484723576443057,0.8105046948356808,0.007877265662650007,0.05145940303869393,High,0.0551,,,,,,,,,,,,,,,,,,,,,,11.0,uniform,1.0,,,,
Knn,6,0.6721050546580167,0.9881401131045242,0.8076095461658843,0.0019966480638327114,0.045168163835955885,High,0.0,,,,,,,,,,,,,,,,,,,,,,5.0,distance,1.0,,,,
Knn,7,0.6807829107816874,0.9881401131045242,0.8090571205007825,0.0019966480638327114,0.042758069906365014,High,0.0,,,,,,,,,,,,,,,,,,,,,,7.0,distance,1.0,,,,
Knn,8,0.7511564042680237,0.864856913026521,0.8343114241001566,0.006975369699707533,0.027718339944044306,High,0.0092,,,,,,,,,,,,,,,,,,,,,,5.0,uniform,1.0,,,,
Knn,9,0.6840750997968276,0.9881401131045242,0.814651799687011,0.0019966480638327114,0.04352556663006113,High,0.0,,,,,,,,,,,,,,,,,,,,,,9.0,distance,2.0,,,,
Knn,10,0.6833483840898602,0.9881401131045242,0.8104655712050078,0.0019966480638327114,0.04237239570504921,High,0.0,,,,,,,,,,,,,,,,,,,,,,11.0,distance,1.0,,,,
Knn,11,0.7281956493037206,0.8849885432917318,0.8132629107981222,0.004961658680466539,0.028355753831467184,High,0.0,,,,,,,,,,,,,,,,,,,,,,3.0,uniform,1.0,,,,
Knn,12,0.6919340213440093,0.9881401131045242,0.8104264475743349,0.0019966480638327114,0.039497475410108555,High,0.0,,,,,,,,,,,,,,,,,,,,,,7.0,distance,2.0,,,,
Knn,13,0.6952125976374737,0.9881401131045242,0.8202856025039124,0.0019966480638327114,0.04169100162214621,High,0.0,,,,,,,,,,,,,,,,,,,,,,11.0,distance,2.0,,,,
Knn,14,0.6613499296476504,0.9881401131045242,0.7950117370892019,0.0019966480638327114,0.0445539358138505,High,0.0,,,,,,,,,,,,,,,,,,,,,,3.0,distance,1.0,,,,
Knn,15,0.6823340781810778,0.9881401131045242,0.8118740219092333,0.0019966480638327114,0.04317998124271849,High,0.0,,,,,,,,,,,,,,,,,,,,,,9.0,distance,1.0,,,,
Knn,16,0.7281956493037206,0.8849885432917318,0.8132629107981222,0.004961658680466539,0.028355753831467184,High,0.0,,,,,,,,,,,,,,,,,,,,,,3.0,uniform,1.0,,,,
Knn,17,0.7511564042680237,0.864856913026521,0.8343114241001566,0.006975369699707533,0.027718339944044306,High,0.0092,,,,,,,,,,,,,,,,,,,,,,5.0,uniform,1.0,,,,
Knn,18,0.7230118705666726,0.8812431747269891,0.8104655712050078,0.0050781503895051825,0.029151233546111738,High,0.0,,,,,,,,,,,,,,,,,,,,,,3.0,uniform,2.0,,,,
Knn,19,0.6613499296476504,0.9881401131045242,0.7950117370892019,0.0019966480638327114,0.0445539358138505,High,0.0,,,,,,,,,,,,,,,,,,,,,,3.0,distance,1.0,,,,
Knn,20,0.6721050546580167,0.9881401131045242,0.8076095461658843,0.0019966480638327114,0.045168163835955885,High,0.0,,,,,,,,,,,,,,,,,,,,,,5.0,distance,1.0,,,,
Knn,21,0.6717157548720418,0.8467553139625587,0.8104851330203443,0.007580373326356922,0.04625645938276748,High,0.044,,,,,,,,,,,,,,,,,,,,,,11.0,uniform,2.0,,,,
Knn,22,0.6520511650659104,0.8545597698907956,0.8132824726134584,0.006167345901222781,0.05374376918251601,High,0.0471,,,,,,,,,,,,,,,,,,,,,,9.0,uniform,2.0,,,,
Knn,23,0.6520511650659104,0.8545597698907956,0.8132824726134584,0.006167345901222781,0.05374376918251601,High,0.0471,,,,,,,,,,,,,,,,,,,,,,9.0,uniform,2.0,,,,
Knn,24,0.6952125976374737,0.9881401131045242,0.8202856025039124,0.0019966480638327114,0.04169100162214621,High,0.0,,,,,,,,,,,,,,,,,,,,,,11.0,distance,2.0,,,,
Knn,25,0.6717157548720418,0.8467553139625587,0.8104851330203443,0.007580373326356922,0.04625645938276748,High,0.044,,,,,,,,,,,,,,,,,,,,,,11.0,uniform,2.0,,,,
Knn,26,0.7230118705666726,0.8812431747269891,0.8104655712050078,0.0050781503895051825,0.029151233546111738,High,0.0,,,,,,,,,,,,,,,,,,,,,,3.0,uniform,2.0,,,,
Knn,27,0.6823340781810778,0.9881401131045242,0.8118740219092333,0.0019966480638327114,0.04317998124271849,High,0.0,,,,,,,,,,,,,,,,,,,,,,9.0,distance,1.0,,,,
Knn,28,0.6807829107816874,0.9881401131045242,0.8090571205007825,0.0019966480638327114,0.042758069906365014,High,0.0,,,,,,,,,,,,,,,,,,,,,,7.0,distance,1.0,,,,
Knn,29,0.6833483840898602,0.9881401131045242,0.8104655712050078,0.0019966480638327114,0.04237239570504921,High,0.0,,,,,,,,,,,,,,,,,,,,,,11.0,distance,1.0,,,,
Knn,30,0.6520511650659104,0.8545597698907956,0.8132824726134584,0.006167345901222781,0.05374376918251601,High,0.0471,,,,,,,,,,,,,,,,,,,,,,9.0,uniform,2.0,,,,
Knn,31,0.6717157548720418,0.8467553139625587,0.8104851330203443,0.007580373326356922,0.04625645938276748,High,0.044,,,,,,,,,,,,,,,,,,,,,,11.0,uniform,2.0,,,,
Knn,32,0.6599983231822841,0.8598652008580343,0.8132824726134584,0.006372055600798536,0.051094716477058114,High,0.0232,,,,,,,,,,,,,,,,,,,,,,9.0,uniform,1.0,,,,
Knn,33,0.6520511650659104,0.8545597698907956,0.8132824726134584,0.006167345901222781,0.05374376918251601,High,0.0471,,,,,,,,,,,,,,,,,,,,,,9.0,uniform,2.0,,,,
Knn,34,0.6840750997968276,0.9881401131045242,0.814651799687011,0.0019966480638327114,0.04352556663006113,High,0.0,,,,,,,,,,,,,,,,,,,,,,9.0,distance,2.0,,,,
Knn,35,0.6919340213440093,0.9881401131045242,0.8104264475743349,0.0019966480638327114,0.039497475410108555,High,0.0,,,,,,,,,,,,,,,,,,,,,,7.0,distance,2.0,,,,
Knn,36,0.7511564042680237,0.864856913026521,0.8343114241001566,0.006975369699707533,0.027718339944044306,High,0.0092,,,,,,,,,,,,,,,,,,,,,,5.0,uniform,1.0,,,,
Knn,37,0.7542595700239214,0.8640768818252731,0.828677621283255,0.00751668725366646,0.024806017086444494,High,0.0019,,,,,,,,,,,,,,,,,,,,,,5.0,uniform,2.0,,,,
Knn,38,0.6599983231822841,0.8598652008580343,0.8132824726134584,0.006372055600798536,0.051094716477058114,High,0.0232,,,,,,,,,,,,,,,,,,,,,,9.0,uniform,1.0,,,,
Knn,39,0.6833483840898602,0.9881401131045242,0.8104655712050078,0.0019966480638327114,0.04237239570504921,High,0.0,,,,,,,,,,,,,,,,,,,,,,11.0,distance,1.0,,,,
Knn,40,0.6641862724854829,0.9881401131045242,0.7921948356807511,0.0019966480638327114,0.042669521065089394,High,0.0,,,,,,,,,,,,,,,,,,,,,,3.0,distance,2.0,,,,
Knn,41,0.6833483840898602,0.9881401131045242,0.8104655712050078,0.0019966480638327114,0.04237239570504921,High,0.0,,,,,,,,,,,,,,,,,,,,,,11.0,distance,1.0,,,,
Knn,42,0.6641862724854829,0.9881401131045242,0.7921948356807511,0.0019966480638327114,0.042669521065089394,High,0.0,,,,,,,,,,,,,,,,,,,,,,3.0,distance,2.0,,,,
Knn,43,0.6613499296476504,0.9881401131045242,0.7950117370892019,0.0019966480638327114,0.0445539358138505,High,0.0,,,,,,,,,,,,,,,,,,,,,,3.0,distance,1.0,,,,
Knn,44,0.696305466600883,0.8622038319032761,0.8259194053208138,0.006079873974715579,0.0432046462399769,High,0.0332,,,,,,,,,,,,,,,,,,,,,,7.0,uniform,2.0,,,,
Knn,45,0.6919340213440093,0.9881401131045242,0.8104264475743349,0.0019966480638327114,0.039497475410108555,High,0.0,,,,,,,,,,,,,,,,,,,,,,7.0,distance,2.0,,,,
Knn,46,0.696305466600883,0.8622038319032761,0.8259194053208138,0.006079873974715579,0.0432046462399769,High,0.0332,,,,,,,,,,,,,,,,,,,,,,7.0,uniform,2.0,,,,
Knn,47,0.696305466600883,0.8622038319032761,0.8259194053208138,0.006079873974715579,0.0432046462399769,High,0.0332,,,,,,,,,,,,,,,,,,,,,,7.0,uniform,2.0,,,,
Knn,48,0.656126485719599,0.8484723576443057,0.8105046948356808,0.007877265662650007,0.05145940303869393,High,0.0551,,,,,,,,,,,,,,,,,,,,,,11.0,uniform,1.0,,,,
Knn,49,0.656126485719599,0.8484723576443057,0.8105046948356808,0.007877265662650007,0.05145940303869393,High,0.0551,,,,,,,,,,,,,,,,,,,,,,11.0,uniform,1.0,,,,
Knn,50,0.6840750997968276,0.9881401131045242,0.814651799687011,0.0019966480638327114,0.04352556663006113,High,0.0,,,,,,,,,,,,,,,,,,,,,,9.0,distance,2.0,,,,
Knn,51,0.6721050546580167,0.9881401131045242,0.8076095461658843,0.0019966480638327114,0.045168163835955885,High,0.0,,,,,,,,,,,,,,,,,,,,,,5.0,distance,1.0,,,,
Knn,52,0.6717157548720418,0.8467553139625587,0.8104851330203443,0.007580373326356922,0.04625645938276748,High,0.044,,,,,,,,,,,,,,,,,,,,,,11.0,uniform,2.0,,,,
Knn,53,0.6520511650659104,0.8545597698907956,0.8132824726134584,0.006167345901222781,0.05374376918251601,High,0.0471,,,,,,,,,,,,,,,,,,,,,,9.0,uniform,2.0,,,,
Knn,54,0.6919340213440093,0.9881401131045242,0.8104264475743349,0.0019966480638327114,0.039497475410108555,High,0.0,,,,,,,,,,,,,,,,,,,,,,7.0,distance,2.0,,,,
Knn,55,0.696305466600883,0.8622038319032761,0.8259194053208138,0.006079873974715579,0.0432046462399769,High,0.0332,,,,,,,,,,,,,,,,,,,,,,7.0,uniform,2.0,,,,
Knn,56,0.7281956493037206,0.8849885432917318,0.8132629107981222,0.004961658680466539,0.028355753831467184,High,0.0,,,,,,,,,,,,,,,,,,,,,,3.0,uniform,1.0,,,,
Knn,57,0.696305466600883,0.8622038319032761,0.8259194053208138,0.006079873974715579,0.0432046462399769,High,0.0332,,,,,,,,,,,,,,,,,,,,,,7.0,uniform,2.0,,,,
Knn,58,0.6823340781810778,0.9881401131045242,0.8118740219092333,0.0019966480638327114,0.04317998124271849,High,0.0,,,,,,,,,,,,,,,,,,,,,,9.0,distance,1.0,,,,
Knn,59,0.7281956493037206,0.8849885432917318,0.8132629107981222,0.004961658680466539,0.028355753831467184,High,0.0,,,,,,,,,,,,,,,,,,,,,,3.0,uniform,1.0,,,,
Knn,60,0.6823340781810778,0.9881401131045242,0.8118740219092333,0.0019966480638327114,0.04317998124271849,High,0.0,,,,,,,,,,,,,,,,,,,,,,9.0,distance,1.0,,,,
Knn,61,0.6807829107816874,0.9881401131045242,0.8090571205007825,0.0019966480638327114,0.042758069906365014,High,0.0,,,,,,,,,,,,,,,,,,,,,,7.0,distance,1.0,,,,
Knn,62,0.6717157548720418,0.8467553139625587,0.8104851330203443,0.007580373326356922,0.04625645938276748,High,0.044,,,,,,,,,,,,,,,,,,,,,,11.0,uniform,2.0,,,,
Knn,63,0.6952125976374737,0.9881401131045242,0.8202856025039124,0.0019966480638327114,0.04169100162214621,High,0.0,,,,,,,,,,,,,,,,,,,,,,11.0,distance,2.0,,,,
Knn,64,0.7014709203319344,0.8612675507020281,0.8258998435054773,0.005974457020679747,0.04147630772451431,High,0.0312,,,,,,,,,,,,,,,,,,,,,,7.0,uniform,1.0,,,,
Knn,65,0.6831808449824122,0.9881401131045242,0.814612676056338,0.0019966480638327114,0.0438106103579753,High,0.0,,,,,,,,,,,,,,,,,,,,,,5.0,distance,2.0,,,,
Knn,66,0.7281956493037206,0.8849885432917318,0.8132629107981222,0.004961658680466539,0.028355753831467184,High,0.0,,,,,,,,,,,,,,,,,,,,,,3.0,uniform,1.0,,,,
Knn,67,0.696305466600883,0.8622038319032761,0.8259194053208138,0.006079873974715579,0.0432046462399769,High,0.0332,,,,,,,,,,,,,,,,,,,,,,7.0,uniform,2.0,,,,
Knn,68,0.6919340213440093,0.9881401131045242,0.8104264475743349,0.0019966480638327114,0.039497475410108555,High,0.0,,,,,,,,,,,,,,,,,,,,,,7.0,distance,2.0,,,,
Knn,69,0.6919340213440093,0.9881401131045242,0.8104264475743349,0.0019966480638327114,0.039497475410108555,High,0.0,,,,,,,,,,,,,,,,,,,,,,7.0,distance,2.0,,,,
Knn,70,0.6599983231822841,0.8598652008580343,0.8132824726134584,0.006372055600798536,0.051094716477058114,High,0.0232,,,,,,,,,,,,,,,,,,,,,,9.0,uniform,1.0,,,,
Knn,71,0.7542595700239214,0.8640768818252731,0.828677621283255,0.00751668725366646,0.024806017086444494,High,0.0019,,,,,,,,,,,,,,,,,,,,,,5.0,uniform,2.0,,,,
Knn,72,0.6919340213440093,0.9881401131045242,0.8104264475743349,0.0019966480638327114,0.039497475410108555,High,0.0,,,,,,,,,,,,,,,,,,,,,,7.0,distance,2.0,,,,
Knn,73,0.6721050546580167,0.9881401131045242,0.8076095461658843,0.0019966480638327114,0.045168163835955885,High,0.0,,,,,,,,,,,,,,,,,,,,,,5.0,distance,1.0,,,,
Knn,74,0.6641862724854829,0.9881401131045242,0.7921948356807511,0.0019966480638327114,0.042669521065089394,High,0.0,,,,,,,,,,,,,,,,,,,,,,3.0,distance,2.0,,,,
dt,0,0.7014039581299221,0.8927910491419656,0.8117957746478872,0.005118118384983079,0.03679727217265507,High,0.0001,,,,,,,,,,,,,,,,,,,,,,,,,15.0,6.0,4.0,gini
dt,1,0.6996243603467575,0.9015303237129485,0.8103677621283255,0.005033955758666099,0.03691446726052267,High,0.0,,,,,,,,,,,,,,,,,,,,,,,,,9.0,2.0,3.0,entropy
dt,2,0.6753598909695753,0.8707873439937597,0.8230438184663538,0.007197803174886504,0.04922797583225948,High,0.0175,,,,,,,,,,,,,,,,,,,,,,,,,5.0,6.0,1.0,gini
dt,3,0.7142915507284069,0.9065230109204367,0.8047143974960876,0.00564880337986259,0.03014094892256024,High,0.0,,,,,,,,,,,,,,,,,,,,,,,,,13.0,7.0,3.0,gini
dt,4,0.6790114291390197,0.8673547191887675,0.8216353677621283,0.007459727369219933,0.04754131287436955,High,0.0182,,,,,,,,,,,,,,,,,,,,,,,,,5.0,3.0,2.0,gini
dt,5,0.6763649479883698,0.8924792804212169,0.8062206572769952,0.009669669529378417,0.0432852364295418,High,0.0002,,,,,,,,,,,,,,,,,,,,,,,,,6.0,3.0,1.0,gini
dt,6,0.6896577255847349,0.8322413709048362,0.8160602503912363,0.004573811985627129,0.042134174935500444,Low,0.2809,,,,,,,,,,,,,,,,,,,,,,,,,3.0,9.0,4.0,entropy
dt,7,0.6965988582149195,0.9336758970358815,0.8019953051643192,0.00633594875599743,0.03513214898313323,High,0.0,,,,,,,,,,,,,,,,,,,,,,,,,11.0,5.0,1.0,gini
dt,8,0.6996243603467575,0.9015303237129485,0.8103677621283255,0.005033955758666099,0.03691446726052267,High,0.0,,,,,,,,,,,,,,,,,,,,,,,,,9.0,3.0,3.0,entropy
dt,9,0.6349537503651592,0.8013436037441497,0.7908841940532081,0.005069664257969427,0.05197681456268296,Low,0.5625,,,,,,,,,,,,,,,,,,,,,,,,,2.0,10.0,2.0,gini
dt,10,0.7076528415431099,0.8920102866614664,0.8202464788732394,0.005017615271183117,0.03753121244337649,High,0.0003,,,,,,,,,,,,,,,,,,,,,,,,,9.0,3.0,4.0,entropy
dt,11,0.7271534270261049,0.8536200760530421,0.8287363067292646,0.0063967303884605985,0.03386095990105323,High,0.0565,,,,,,,,,,,,,,,,,,,,,,,,,4.0,3.0,3.0,entropy
dt,12,0.691661438536765,0.8661064255070203,0.8131651017214396,0.003755154715512004,0.04050122106155821,High,0.0035,,,,,,,,,,,,,,,,,,,,,,,,,5.0,4.0,3.0,entropy
dt,13,0.637460516061024,0.7971292414196568,0.7866784037558686,0.005381344179963951,0.04973929589828154,Low,0.5461,,,,,,,,,,,,,,,,,,,,,,,,,2.0,5.0,1.0,entropy
dt,14,0.7108979198964162,0.9055869734789391,0.8131651017214396,0.005805506284154928,0.03408906060834116,High,0.0,,,,,,,,,,,,,,,,,,,,,,,,,10.0,3.0,3.0,gini
dt,15,0.7223357228630937,0.8796833560842433,0.818838028169014,0.005566307145954982,0.032167435101973445,High,0.0003,,,,,,,,,,,,,,,,,,,,,,,,,6.0,7.0,2.0,entropy
dt,16,0.637460516061024,0.7971292414196568,0.7866784037558686,0.005381344179963951,0.04973929589828154,Low,0.5461,,,,,,,,,,,,,,,,,,,,,,,,,2.0,4.0,2.0,entropy
dt,17,0.7019592690621058,0.8785915561622465,0.8174687010954618,0.008337029360697476,0.03850314401111865,High,0.0009,,,,,,,,,,,,,,,,,,,,,,,,,6.0,10.0,3.0,gini
dt,18,0.6922460966029715,0.9157320105304212,0.8173904538341159,0.005288573529893215,0.041714785743714795,High,0.0001,,,,,,,,,,,,,,,,,,,,,,,,,11.0,5.0,2.0,entropy
dt,19,0.6349537503651592,0.8013436037441497,0.7908841940532081,0.005069664257969427,0.05197681456268296,Low,0.5625,,,,,,,,,,,,,,,,,,,,,,,,,2.0,10.0,2.0,gini
dt,20,0.689765816110012,0.9627018330733229,0.7865610328638498,0.005521169624919156,0.032265072251279274,High,0.0,,,,,,,,,,,,,,,,,,,,,,,,,14.0,3.0,1.0,gini
dt,21,0.7052381127983092,0.8790590873634946,0.8104068857589984,0.008417513507559675,0.03505625765356307,High,0.0002,,,,,,,,,,,,,,,,,,,,,,,,,6.0,7.0,3.0,gini
dt,22,0.7031331728075618,0.8927910491419656,0.810387323943662,0.005118118384983079,0.0357513837120334,High,0.0001,,,,,,,,,,,,,,,,,,,,,,,,,13.0,3.0,4.0,gini
dt,23,0.6761630795071695,0.8355177457098284,0.8161384976525822,0.004381148833596274,0.046658472715137574,Low,0.2456,,,,,,,,,,,,,,,,,,,,,,,,,3.0,10.0,3.0,gini
dt,24,0.6761630795071695,0.8350489957098285,0.8161384976525822,0.004394728747896295,0.046658472715137574,Low,0.2564,,,,,,,,,,,,,,,,,,,,,,,,,3.0,8.0,4.0,gini
dt,25,0.637460516061024,0.7971292414196568,0.7866784037558686,0.005381344179963951,0.04973929589828154,Low,0.5461,,,,,,,,,,,,,,,,,,,,,,,,,2.0,6.0,1.0,entropy
dt,26,0.7088461855031783,0.8974719676287052,0.806201095461659,0.006395760735881698,0.03245163665282687,High,0.0,,,,,,,,,,,,,,,,,,,,,,,,,8.0,5.0,3.0,entropy
dt,27,0.7225834137948107,0.8996572737909517,0.8075508607198747,0.006466807822265283,0.02832248230835466,High,0.0,,,,,,,,,,,,,,,,,,,,,,,,,12.0,10.0,3.0,gini
dt,28,0.7051623703055777,0.9374202905616225,0.800586854460094,0.007112128076430901,0.03180816138483876,High,0.0,,,,,,,,,,,,,,,,,,,,,,,,,12.0,5.0,1.0,gini
dt,29,0.693171516945877,0.8968479426677067,0.8160211267605634,0.005813411814149644,0.04094986993822882,High,0.0002,,,,,,,,,,,,,,,,,,,,,,,,,15.0,8.0,4.0,entropy
dt,30,0.713041614370651,0.922285735179407,0.7921557120500783,0.005056447496251307,0.026371365893142453,High,0.0,,,,,,,,,,,,,,,,,,,,,,,,,14.0,9.0,1.0,gini
dt,31,0.5759992718514176,0.786050604524181,0.7810054773082943,0.007824626265181017,0.06833540181895888,Low,0.8306,,,,,,,,,,,,,,,,,,,,,,,,,1.0,4.0,4.0,entropy
dt,32,0.6958573914029991,0.8993459925897037,0.8047926447574335,0.008956795256252724,0.036311751118144824,High,0.0,,,,,,,,,,,,,,,,,,,,,,,,,7.0,7.0,1.0,gini
dt,33,0.7244767953019629,0.9037151423556942,0.8075312989045385,0.003534662036713132,0.027684834534191866,High,0.0,,,,,,,,,,,,,,,,,,,,,,,,,14.0,9.0,3.0,entropy
dt,34,0.733236819802361,0.8957558989859594,0.8089984350547731,0.005293272749419405,0.025253871750804027,High,0.0,,,,,,,,,,,,,,,,,,,,,,,,,8.0,9.0,2.0,entropy
dt,35,0.7113226359249283,0.9010610861934477,0.811776212832551,0.006846205473670062,0.03348452563587424,High,0.0,,,,,,,,,,,,,,,,,,,,,,,,,9.0,6.0,3.0,gini
dt,36,0.7006666011275778,0.8888899180967238,0.8160211267605634,0.00560092871636092,0.0384515085443285,High,0.0003,,,,,,,,,,,,,,,,,,,,,,,,,9.0,3.0,4.0,gini
dt,37,0.6830072191695862,0.9157298166926677,0.8005672926447576,0.005765496391591614,0.03918669115839044,High,0.0,,,,,,,,,,,,,,,,,,,,,,,,,9.0,7.0,1.0,gini
dt,38,0.637460516061024,0.7971292414196568,0.7866784037558686,0.005381344179963951,0.04973929589828154,Low,0.5461,,,,,,,,,,,,,,,,,,,,,,,,,2.0,6.0,4.0,entropy
dt,39,0.6718864879221158,0.923846285101404,0.8005672926447576,0.006600679722078996,0.0428936015742139,High,0.0,,,,,,,,,,,,,,,,,,,,,,,,,13.0,3.0,2.0,entropy
dt,40,0.6893174174225337,0.8703193252730108,0.8230438184663538,0.007046559862704748,0.04457546701460668,High,0.0112,,,,,,,,,,,,,,,,,,,,,,,,,5.0,9.0,1.0,gini
dt,41,0.6900925473469138,0.8734411563962559,0.824491392801252,0.008761996851777526,0.044799615151446086,High,0.0096,,,,,,,,,,,,,,,,,,,,,,,,,6.0,7.0,4.0,gini
dt,42,0.681661940490165,0.9124531981279251,0.7920774647887324,0.00560108614790134,0.036805174766189136,High,0.0,,,,,,,,,,,,,,,,,,,,,,,,,15.0,4.0,3.0,entropy
dt,43,0.6957687915801966,0.8809309184867395,0.8160015649452269,0.007037122558986245,0.040077591121676796,High,0.0008,,,,,,,,,,,,,,,,,,,,,,,,,7.0,9.0,4.0,gini
dt,44,0.7115517868434538,0.9002815425117004,0.8103677621283255,0.006093388742392547,0.032938658428290565,High,0.0,,,,,,,,,,,,,,,,,,,,,,,,,13.0,10.0,3.0,gini
dt,45,0.678953696640247,0.8355177457098284,0.8133215962441314,0.004381148833596274,0.04478929986796144,Low,0.1725,,,,,,,,,,,,,,,,,,,,,,,,,3.0,2.0,1.0,gini
dt,46,0.7529624148607148,0.9197881727769112,0.8131846635367763,0.004012879363806235,0.020074082892020523,High,0.0,,,,,,,,,,,,,,,,,,,,,,,,,13.0,9.0,1.0,entropy
dt,47,0.7127595041439205,0.9071472796411857,0.8047339593114241,0.005893300439422731,0.030658151722501185,High,0.0,,,,,,,,,,,,,,,,,,,,,,,,,15.0,7.0,3.0,gini
dt,48,0.6888355818018527,0.8824926872074883,0.8019953051643192,0.008885071577713946,0.03771990778748883,High,0.0001,,,,,,,,,,,,,,,,,,,,,,,,,6.0,4.0,2.0,gini
dt,49,0.6763649479883698,0.8920110179407177,0.8062206572769952,0.009604243559665077,0.0432852364295418,High,0.0002,,,,,,,,,,,,,,,,,,,,,,,,,6.0,4.0,1.0,gini
dt,50,0.5759992718514176,0.786050604524181,0.7810054773082943,0.007824626265181017,0.06833540181895888,Low,0.8306,,,,,,,,,,,,,,,,,,,,,,,,,1.0,7.0,1.0,entropy
dt,51,0.7456115019876833,0.9026226111544462,0.811776212832551,0.004926190297585886,0.022054903614955886,High,0.0,,,,,,,,,,,,,,,,,,,,,,,,,10.0,9.0,2.0,entropy
dt,52,0.6896577255847349,0.8322413709048362,0.8160602503912363,0.004573811985627129,0.042134174935500444,Low,0.2809,,,,,,,,,,,,,,,,,,,,,,,,,3.0,8.0,2.0,entropy
dt,53,0.6788562934183904,0.9261866224648985,0.7991784037558686,0.006078056167827457,0.04010737011249273,High,0.0,,,,,,,,,,,,,,,,,,,,,,,,,14.0,2.0,2.0,entropy
dt,54,0.6761630795071695,0.8350489957098285,0.8161384976525822,0.004394728747896295,0.046658472715137574,Low,0.2564,,,,,,,,,,,,,,,,,,,,,,,,,3.0,4.0,4.0,gini
dt,55,0.6839629377440744,0.9215064352574103,0.7949726134585291,0.006100787729986531,0.03700322523815156,High,0.0,,,,,,,,,,,,,,,,,,,,,,,,,11.0,3.0,2.0,gini
dt,56,0.6761630795071695,0.8355177457098284,0.8161384976525822,0.004381148833596274,0.046658472715137574,Low,0.2456,,,,,,,,,,,,,,,,,,,,,,,,,3.0,7.0,3.0,gini
dt,57,0.733236819802361,0.8957558989859594,0.8089984350547731,0.005293272749419405,0.025253871750804027,High,0.0,,,,,,,,,,,,,,,,,,,,,,,,,8.0,9.0,2.0,entropy
dt,58,0.6349537503651592,0.8013436037441497,0.7908841940532081,0.005069664257969427,0.05197681456268296,Low,0.5625,,,,,,,,,,,,,,,,,,,,,,,,,2.0,8.0,3.0,gini
dt,59,0.7015814922959231,0.9083955733229327,0.8047143974960876,0.0037651918529661276,0.03437763506672151,High,0.0,,,,,,,,,,,,,,,,,,,,,,,,,11.0,6.0,3.0,entropy
dt,60,0.678953696640247,0.8355177457098284,0.8133215962441314,0.004381148833596274,0.04478929986796144,Low,0.1725,,,,,,,,,,,,,,,,,,,,,,,,,3.0,10.0,1.0,gini
dt,61,0.713041614370651,0.922285735179407,0.7921557120500783,0.005056447496251307,0.026371365893142453,High,0.0,,,,,,,,,,,,,,,,,,,,,,,,,14.0,9.0,1.0,gini
dt,62,0.7015814922959231,0.9083955733229327,0.8047143974960876,0.0037651918529661276,0.03437763506672151,High,0.0,,,,,,,,,,,,,,,,,,,,,,,,,11.0,2.0,3.0,entropy
dt,63,0.7230627513078185,0.8987212363494541,0.8103677621283255,0.005845396953785419,0.029101670273502328,High,0.0,,,,,,,,,,,,,,,,,,,,,,,,,11.0,10.0,3.0,gini
dt,64,0.7107939535034123,0.9002815425117004,0.8075508607198747,0.006093388742392547,0.032252302405487446,High,0.0,,,,,,,,,,,,,,,,,,,,,,,,,14.0,10.0,3.0,gini
dt,65,0.7296063560132372,0.887173849453978,0.82018779342723,0.005465130221946154,0.03019381247133094,High,0.0001,,,,,,,,,,,,,,,,,,,,,,,,,7.0,9.0,3.0,entropy
dt,66,0.5759992718514176,0.786050604524181,0.7810054773082943,0.007824626265181017,0.06833540181895888,Low,0.8306,,,,,,,,,,,,,,,,,,,,,,,,,1.0,4.0,3.0,gini
dt,67,0.6349537503651592,0.8013436037441497,0.7908841940532081,0.005069664257969427,0.05197681456268296,Low,0.5625,,,,,,,,,,,,,,,,,,,,,,,,,2.0,7.0,3.0,gini
dt,68,0.7076528415431099,0.8920102866614664,0.8202464788732394,0.005017615271183117,0.03753121244337649,High,0.0003,,,,,,,,,,,,,,,,,,,,,,,,,9.0,5.0,4.0,entropy
dt,69,0.6996243603467575,0.9015303237129485,0.8103677621283255,0.005033955758666099,0.03691446726052267,High,0.0,,,,,,,,,,,,,,,,,,,,,,,,,9.0,2.0,3.0,entropy
dt,70,0.7271534270261049,0.8529955635725429,0.8287363067292646,0.006665287421693294,0.03386095990105323,High,0.062,,,,,,,,,,,,,,,,,,,,,,,,,4.0,5.0,4.0,entropy
dt,71,0.7095349811909232,0.8957561427457099,0.8174491392801253,0.00560411300153817,0.035971386029734036,High,0.0001,,,,,,,,,,,,,,,,,,,,,,,,,14.0,10.0,4.0,entropy
dt,72,0.5759992718514176,0.786050604524181,0.7810054773082943,0.007824626265181017,0.06833540181895888,Low,0.8306,,,,,,,,,,,,,,,,,,,,,,,,,1.0,2.0,2.0,entropy
dt,73,0.7243263434624765,0.8968496489859596,0.8173708920187794,0.0052053866169011805,0.03101484951876763,High,0.0,,,,,,,,,,,,,,,,,,,,,,,,,9.0,9.0,3.0,entropy
dt,74,0.7048094881172299,0.9105801482059283,0.806161971830986,0.0060927030809488905,0.03378416123791872,High,0.0,,,,,,,,,,,,,,,,,,,,,,,,,14.0,3.0,3.0,gini
