Model,Trial Number,Value,Mean Train Score,Mean Test Score,Train Std,Test Std,Overfitting Risk,p_value,rf_n_estimators,rf_max_depth,rf_min_samples_split,rf_min_samples_leaf,rf_max_features,rf_bootstrap,naive_var_smoothing,gbm_n_estimators,gbm_learning_rate,gbm_max_depth,gbm_min_samples_split,gbm_min_samples_leaf,gbm_max_features,knn_n_neighbors,knn_weights,knn_p,dt_max_depth,dt_min_samples_split,dt_min_samples_leaf,dt_criterion
RF,0,0.6750506778867121,0.854866907176287,0.8287167449139281,0.006775380397185782,0.05122202234240533,Low,0.1621,45.0,4.0,2.0,4.0,,False,,,,,,,,,,,,,,
RF,1,0.6737012909932185,0.9742516575663027,0.7795383411580594,0.004312565235786241,0.035279016721613626,High,0.0,66.0,15.0,3.0,1.0,,False,,,,,,,,,,,,,,
RF,2,0.6885500627206887,0.9719103451638066,0.8174882629107982,0.004006675873211824,0.0413872725436131,High,0.0,57.0,22.0,3.0,1.0,log2,True,,,,,,,,,,,,,,
RF,3,0.7360489963073723,0.8890461680967239,0.842781690140845,0.004518308804530029,0.03557756461115756,High,0.0036,105.0,9.0,8.0,2.0,log2,True,,,,,,,,,,,,,,
RF,4,0.7212917520421713,0.9180711290951636,0.8470266040688574,0.006093234278921838,0.041911617342228716,High,0.0006,35.0,16.0,7.0,2.0,,True,,,,,,,,,,,,,,
RF,5,0.7353038055898568,0.9374239469578785,0.8413341158059466,0.0061625201156752935,0.03534343673869664,High,0.0,105.0,16.0,2.0,2.0,,True,,,,,,,,,,,,,,
RF,6,0.7146122435478615,0.9124531981279251,0.8442292644757433,0.004652375606913403,0.043205673642627285,High,0.001,37.0,18.0,8.0,2.0,log2,False,,,,,,,,,,,,,,
RF,7,0.7063996369992475,0.8985647425897035,0.7991392801251956,0.0020709647638294786,0.030913214375316047,High,0.0,10.0,26.0,8.0,4.0,,False,,,,,,,,,,,,,,
RF,8,0.7042885774498348,0.8888904056162247,0.8442488262910798,0.005719590356117883,0.046653416280415014,High,0.0186,158.0,9.0,7.0,4.0,sqrt,False,,,,,,,,,,,,,,
RF,9,0.7135183538516632,0.8790600624024961,0.8386150234741783,0.007219319667061914,0.04169888987417172,High,0.0175,102.0,8.0,10.0,4.0,log2,True,,,,,,,,,,,,,,
RF,10,0.7077669838082997,0.940542365444618,0.8357785602503911,0.004662690697342,0.042670525480697115,High,0.0,199.0,9.0,2.0,1.0,log2,False,,,,,,,,,,,,,,
RF,11,0.6926314950730155,0.9163548166926676,0.832981220657277,0.003632374156922127,0.0467832418614205,High,0.0005,44.0,10.0,3.0,2.0,log2,False,,,,,,,,,,,,,,
RF,12,0.7132341041679884,0.8790588436037441,0.8385954616588419,0.008421289598232571,0.04178711916361783,High,0.0178,71.0,26.0,6.0,4.0,log2,True,,,,,,,,,,,,,,
RF,13,0.7034700949947446,0.8907634555382217,0.8399843505477307,0.005414722285166899,0.04550475185099538,High,0.0085,141.0,21.0,2.0,3.0,sqrt,True,,,,,,,,,,,,,,
RF,14,0.682361658860467,0.8892016868174727,0.8019953051643192,0.005254514541089444,0.03987788210128408,High,0.0001,13.0,8.0,6.0,4.0,,False,,,,,,,,,,,,,,
RF,15,0.7095668837213821,0.8979407176287051,0.8428012519561815,0.005124806035691669,0.04441145607826647,High,0.0047,56.0,22.0,7.0,2.0,log2,True,,,,,,,,,,,,,,
RF,16,0.7088569714746351,0.8993447737909517,0.7977503912363069,0.0024339483215551194,0.029631139920557246,High,0.0,108.0,19.0,2.0,4.0,,False,,,,,,,,,,,,,,
RF,17,0.6894810969040932,0.9634830830733229,0.8161384976525822,0.004587112414555782,0.042219133582829665,High,0.0,87.0,27.0,6.0,1.0,sqrt,False,,,,,,,,,,,,,,
RF,18,0.7088569714746351,0.8993447737909517,0.7977503912363069,0.0024339483215551194,0.029631139920557246,High,0.0,174.0,20.0,3.0,4.0,,False,,,,,,,,,,,,,,
RF,19,0.691708056874955,0.9252513163026521,0.7963810641627542,0.006162517671436166,0.03489100242926644,High,0.0,162.0,13.0,9.0,1.0,,False,,,,,,,,,,,,,,
RF,20,0.7034208271714961,0.9374234594383776,0.830105633802817,0.007453908135263475,0.042228268877106935,High,0.0,24.0,29.0,4.0,2.0,,True,,,,,,,,,,,,,,
RF,21,0.7340776341366921,0.9023108424336973,0.8498630672926447,0.007246243028964141,0.03859514438531752,High,0.0027,17.0,21.0,3.0,3.0,log2,False,,,,,,,,,,,,,,
RF,22,0.6990991576903027,0.8899822055382216,0.838556338028169,0.006429488063980214,0.04648572677928876,High,0.009,57.0,30.0,6.0,3.0,log2,True,,,,,,,,,,,,,,
RF,23,0.7171808043221833,0.9015308112324494,0.8343896713615024,0.006039106959574085,0.0390696223464397,High,0.0006,52.0,8.0,5.0,2.0,log2,False,,,,,,,,,,,,,,
RF,24,0.7114974743546104,0.8962248927457098,0.8442097026604068,0.0049170236640006726,0.044237409435265475,High,0.0064,165.0,16.0,7.0,2.0,log2,True,,,,,,,,,,,,,,
RF,25,0.681615129483346,0.8729726501560062,0.832981220657277,0.007848181990986592,0.050455363724643654,High,0.0421,23.0,7.0,5.0,4.0,log2,True,,,,,,,,,,,,,,
RF,26,0.730601319761326,0.9268104036661468,0.8413536776212833,0.004853932285017194,0.03691745261998576,High,0.0001,55.0,26.0,6.0,2.0,,True,,,,,,,,,,,,,,
RF,27,0.7100281154539889,0.911985666926677,0.8371674491392801,0.003624816334327839,0.04237977789509707,High,0.0005,23.0,12.0,8.0,2.0,sqrt,False,,,,,,,,,,,,,,
RF,28,0.7323523156342473,0.8937280616224648,0.837206572769953,0.004928748011751595,0.03495141904523525,High,0.0009,69.0,9.0,7.0,3.0,log2,False,,,,,,,,,,,,,,
RF,29,0.7138828244300344,0.9048076735569422,0.8456377151799688,0.003921189088294475,0.04391829691664479,High,0.0029,135.0,30.0,4.0,2.0,sqrt,True,,,,,,,,,,,,,,
RF,30,0.716534513728693,0.8934155616224648,0.8400234741784038,0.005782624226643012,0.041162986816570275,High,0.0036,102.0,9.0,8.0,3.0,log2,False,,,,,,,,,,,,,,
RF,31,0.6804363798972582,0.9093328295631824,0.794933489827856,0.004477856403813108,0.038165703310199264,High,0.0,121.0,14.0,8.0,3.0,,False,,,,,,,,,,,,,,
RF,32,0.7332407624930851,0.9495941400156006,0.8400039123630672,0.003827206821161111,0.03558771662332734,High,0.0,136.0,24.0,4.0,1.0,sqrt,True,,,,,,,,,,,,,,
RF,33,0.7097417840375585,0.9338331220748831,0.8287558685446008,0.0038923451381095565,0.039671361502347444,High,0.0,113.0,30.0,9.0,1.0,sqrt,False,,,,,,,,,,,,,,
RF,34,0.7056201097002042,0.8923235179407175,0.8174100156494524,0.007095790715213451,0.03726330198308274,High,0.0002,188.0,7.0,3.0,3.0,,False,,,,,,,,,,,,,,
RF,35,0.7350822045758018,0.9133909418876754,0.8455790297339592,0.004722972734928466,0.03683227505271912,High,0.0003,190.0,20.0,6.0,3.0,,True,,,,,,,,,,,,,,
RF,36,0.7505328444685335,0.9288392160686427,0.8301251956181532,0.004078279979466884,0.02653078371653991,High,0.0,103.0,23.0,10.0,1.0,log2,False,,,,,,,,,,,,,,
RF,37,0.7283642622125689,0.9196324102964117,0.8441901408450704,0.005455005120023498,0.038608626210833843,High,0.0002,159.0,16.0,6.0,1.0,log2,True,,,,,,,,,,,,,,
RF,38,0.7156653169165409,0.9219727476599064,0.8385758998435054,0.006199781145068881,0.040970194308988184,High,0.0002,29.0,13.0,6.0,2.0,,True,,,,,,,,,,,,,,
RF,39,0.709269356180689,0.888734399375975,0.8330007824726133,0.0060173096619538955,0.04124380876397479,High,0.0028,12.0,24.0,7.0,4.0,log2,False,,,,,,,,,,,,,,
RF,40,0.6799168473792893,0.9044951735569423,0.8400821596244132,0.004215655072262712,0.05338843741504133,High,0.0056,37.0,14.0,2.0,2.0,log2,True,,,,,,,,,,,,,,
RF,41,0.7155486559321134,0.9054319422776912,0.8526799687010953,0.003399921851251485,0.04571043758966067,High,0.0071,149.0,14.0,2.0,2.0,sqrt,True,,,,,,,,,,,,,,
RF,42,0.7253213973502608,0.9133904543681746,0.8441901408450704,0.0052202469552466435,0.03962291449826985,High,0.0005,64.0,22.0,8.0,2.0,sqrt,False,,,,,,,,,,,,,,
RF,43,0.7204861500913818,0.9133906981279252,0.8385954616588419,0.005400593095063943,0.03936977052248669,High,0.0003,134.0,24.0,8.0,2.0,log2,False,,,,,,,,,,,,,,
RF,44,0.6958119018565238,0.9051204173166927,0.832942097026604,0.006438263097091552,0.04571006505669344,High,0.001,21.0,10.0,10.0,2.0,,True,,,,,,,,,,,,,,
RF,45,0.708601815938873,0.9698808014820592,0.8342918622848201,0.002622434519534835,0.041896682115315706,High,0.0,180.0,20.0,4.0,1.0,,True,,,,,,,,,,,,,,
RF,46,0.682189244017855,0.9133899668486738,0.7963810641627542,0.004136302950630547,0.03806394004829975,High,0.0,193.0,28.0,7.0,3.0,,False,,,,,,,,,,,,,,
RF,47,0.66365456794043,0.8711008190327613,0.8273278560250391,0.005757058645472532,0.0545577626948697,High,0.0397,14.0,29.0,10.0,4.0,log2,True,,,,,,,,,,,,,,
RF,48,0.725626286995108,0.9038701735569423,0.8470266040688574,0.0051859580748366335,0.04046677235791649,High,0.0022,35.0,17.0,10.0,1.0,log2,True,,,,,,,,,,,,,,
RF,49,0.6349537503651592,0.8013436037441497,0.7908841940532081,0.005069664257969427,0.05197681456268296,Low,0.5625,194.0,2.0,3.0,4.0,,False,,,,,,,,,,,,,,
RF,50,0.7066445970200199,0.9083965483619345,0.842781690140845,0.003994593332455349,0.045379031040275034,High,0.0019,118.0,20.0,10.0,2.0,,True,,,,,,,,,,,,,,
RF,51,0.7103405843808499,0.9019990737129484,0.8385954616588419,0.005042242933757464,0.04275162575933068,High,0.0016,181.0,15.0,8.0,4.0,,True,,,,,,,,,,,,,,
RF,52,0.6793430041407474,0.9166678042121683,0.7964006259780907,0.004878820049497385,0.03901920727911441,High,0.0,190.0,30.0,6.0,3.0,,False,,,,,,,,,,,,,,
RF,53,0.7283707118303753,0.8799956123244929,0.8414123630672925,0.0059466381116949525,0.03768055041230576,High,0.0134,161.0,25.0,3.0,4.0,log2,True,,,,,,,,,,,,,,
RF,54,0.6839907154939532,0.9166678042121683,0.7978090766823162,0.004878820049497385,0.03793945372945433,High,0.0,106.0,23.0,3.0,3.0,,False,,,,,,,,,,,,,,
RF,55,0.6808573544484013,0.8768730499219968,0.8217527386541471,0.006134862587901277,0.046965128068581906,High,0.0065,22.0,18.0,3.0,4.0,log2,True,,,,,,,,,,,,,,
RF,56,0.7002580010914741,0.8899826930577222,0.8400234741784038,0.005907238329303569,0.04658849102897658,High,0.0106,180.0,23.0,3.0,3.0,sqrt,True,,,,,,,,,,,,,,
RF,57,0.7101817858488426,0.9076160296411857,0.8047926447574335,0.006265126287377522,0.03153695296953028,High,0.0,145.0,30.0,10.0,2.0,,False,,,,,,,,,,,,,,
RF,58,0.7197169172572637,0.8806191497659906,0.842820813771518,0.005950062843212829,0.04103463217141807,High,0.0222,102.0,14.0,4.0,4.0,log2,True,,,,,,,,,,,,,,
RF,59,0.722360711627821,0.9052771548361935,0.8456377151799688,0.005590923760848289,0.04109233451738257,High,0.0018,76.0,21.0,2.0,2.0,sqrt,True,,,,,,,,,,,,,,
RF,60,0.7324986109322286,0.9051199297971919,0.8456181533646323,0.004027694248171283,0.03770651414413457,High,0.001,123.0,15.0,4.0,2.0,log2,True,,,,,,,,,,,,,,
RF,61,0.6961380926231437,0.8731284126365054,0.8329616588419405,0.005942360056246119,0.0456078554062656,High,0.0271,175.0,5.0,9.0,1.0,log2,False,,,,,,,,,,,,,,
RF,62,0.712336886478524,0.9556808209828394,0.838517214397496,0.0035673056877905318,0.04206010930632403,High,0.0,142.0,16.0,5.0,1.0,,True,,,,,,,,,,,,,,
RF,63,0.7052152419528298,0.8832722308892356,0.837206572769953,0.007261696507036248,0.043997110272374414,High,0.012,57.0,19.0,10.0,3.0,sqrt,True,,,,,,,,,,,,,,
RF,64,0.7146408809705195,0.8885791244149764,0.8371870109546166,0.006170778158155756,0.04084870999469903,High,0.0043,101.0,21.0,6.0,3.0,log2,True,,,,,,,,,,,,,,
RF,65,0.7197169172572637,0.9026230986739471,0.842820813771518,0.004920063184132818,0.041034632171418076,High,0.0018,154.0,18.0,7.0,3.0,log2,False,,,,,,,,,,,,,,
RF,66,0.7198895905703757,0.9126099356474258,0.8399647887323944,0.003676579507910393,0.04002506605400626,High,0.0004,69.0,27.0,4.0,3.0,,True,,,,,,,,,,,,,,
RF,67,0.7287641681966313,0.9102691107644306,0.8442097026604068,0.006284820143784705,0.03848184482125852,High,0.0006,194.0,9.0,4.0,1.0,sqrt,True,,,,,,,,,,,,,,
RF,68,0.692617556845875,0.9881401131045242,0.8230438184663538,0.0019966480638327114,0.04347542054015961,High,0.0,191.0,22.0,2.0,1.0,,True,,,,,,,,,,,,,,
RF,69,0.7174375805645785,0.9115174044461778,0.8413928012519563,0.005169964034191628,0.04131840689579256,High,0.0006,87.0,24.0,9.0,2.0,log2,False,,,,,,,,,,,,,,
RF,70,0.7229883678081092,0.867041244149766,0.8427621283255086,0.005395697481850558,0.03992458683913315,Low,0.1029,151.0,4.0,9.0,4.0,,True,,,,,,,,,,,,,,
RF,71,0.7256498131167197,0.9277464411076443,0.8328834115805946,0.005799166499187401,0.035744532821291655,High,0.0,11.0,30.0,5.0,2.0,,True,,,,,,,,,,,,,,
RF,72,0.731521780027322,0.9051191985179408,0.8512323943661972,0.005522700269281774,0.03990353811295839,High,0.0028,110.0,15.0,10.0,1.0,sqrt,True,,,,,,,,,,,,,,
RF,73,0.7051386925915224,0.9625468018720749,0.8245500782472612,0.004302451407274967,0.03980379521857961,High,0.0,184.0,23.0,6.0,1.0,sqrt,False,,,,,,,,,,,,,,
RF,74,0.706604313509988,0.9694132702808111,0.8174687010954615,0.004311840372726171,0.03695479586182452,High,0.0,37.0,19.0,3.0,1.0,sqrt,True,,,,,,,,,,,,,,
RF,75,0.7177588480502959,0.9105811232449298,0.8484154929577464,0.0050733778160427356,0.0435522149691502,High,0.002,31.0,25.0,9.0,2.0,log2,False,,,,,,,,,,,,,,
RF,76,0.7278865458978921,0.9185398790951638,0.8399843505477307,0.004765926507639466,0.03736593488327952,High,0.0001,151.0,27.0,6.0,2.0,sqrt,False,,,,,,,,,,,,,,
RF,77,0.7119421873657537,0.8714125877535102,0.8357785602503913,0.008612546327971054,0.0412787909615459,High,0.0301,193.0,6.0,8.0,4.0,sqrt,True,,,,,,,,,,,,,,
RF,78,0.699015287555437,0.8999702613104524,0.8414123630672927,0.004827572198085475,0.04746569183728527,High,0.0049,112.0,20.0,6.0,2.0,sqrt,True,,,,,,,,,,,,,,
RF,79,0.7226469573044061,0.9052754485179408,0.841431924882629,0.0033274700240170044,0.039594989192740945,High,0.0009,186.0,22.0,5.0,3.0,sqrt,False,,,,,,,,,,,,,,
RF,80,0.7350443599097453,0.9009065425117004,0.8357394366197184,0.005949885449814056,0.03356502556999104,High,0.0002,14.0,26.0,2.0,2.0,log2,True,,,,,,,,,,,,,,
RF,81,0.6709259851444597,0.9141699980499218,0.7978090766823162,0.004728826379642146,0.04229436384595216,High,0.0,88.0,25.0,8.0,2.0,,False,,,,,,,,,,,,,,
RF,82,0.7173149111080988,0.8941960803432136,0.8019953051643194,0.004847134166116559,0.028226798018740208,High,0.0,125.0,8.0,10.0,3.0,,False,,,,,,,,,,,,,,
RF,83,0.7187340228916395,0.9052756922776911,0.8442292644757433,0.004558629820249598,0.0418317471947013,High,0.0017,59.0,23.0,4.0,3.0,sqrt,False,,,,,,,,,,,,,,
RF,84,0.6563879367115613,0.8166351404056161,0.7907863849765258,0.007198688846538309,0.044799482754988164,Low,0.12,67.0,2.0,6.0,4.0,log2,False,,,,,,,,,,,,,,
RF,85,0.6793430041407474,0.9166678042121683,0.7964006259780907,0.004878820049497385,0.03901920727911441,High,0.0,182.0,30.0,3.0,3.0,,False,,,,,,,,,,,,,,
RF,86,0.7193742812303915,0.9176038416536662,0.8469874804381845,0.004862203927486149,0.042537733069264345,High,0.0007,168.0,14.0,7.0,2.0,,True,,,,,,,,,,,,,,
RF,87,0.7077217124624327,0.8512794949297973,0.830105633802817,0.006623729447557054,0.04079464044679478,Low,0.157,44.0,3.0,10.0,1.0,,True,,,,,,,,,,,,,,
RF,88,0.7088569714746351,0.8993447737909517,0.7977503912363069,0.0024339483215551194,0.029631139920557246,High,0.0,176.0,29.0,6.0,4.0,,False,,,,,,,,,,,,,,
RF,89,0.6296401174651137,0.8064918096723869,0.7992566510172143,0.006280415147450485,0.056538844517366856,Low,0.7114,37.0,2.0,4.0,1.0,sqrt,False,,,,,,,,,,,,,,
RF,90,0.7088056406474641,0.8934145865834635,0.8399843505477309,0.005316745186122111,0.04372623663342225,High,0.0052,155.0,23.0,5.0,4.0,log2,False,,,,,,,,,,,,,,
RF,91,0.7134683832679058,0.9057441985179407,0.8470461658841941,0.0043972552686563525,0.04452592753876274,High,0.0033,102.0,25.0,3.0,2.0,sqrt,True,,,,,,,,,,,,,,
RF,92,0.6388122134716966,0.8094578783151327,0.7809859154929578,0.009035998440863448,0.04739123400708708,Low,0.1082,137.0,2.0,10.0,2.0,,True,,,,,,,,,,,,,,
RF,93,0.7028084214259489,0.9817419071762871,0.8272691705790297,0.0027055893413695203,0.04148691638436026,High,0.0,62.0,20.0,3.0,1.0,,True,,,,,,,,,,,,,,
RF,94,0.5301510848292488,0.7631091556162247,0.7290884194053209,0.01155491711920715,0.0663124448586907,Low,0.1618,178.0,1.0,7.0,3.0,sqrt,True,,,,,,,,,,,,,,
RF,95,0.7247451999679162,0.8912317180187209,0.8399843505477309,0.005888569273577247,0.03841305019327157,High,0.003,126.0,16.0,2.0,3.0,log2,True,,,,,,,,,,,,,,
RF,96,0.659254966539219,0.9770600136505461,0.7809467918622848,0.002616154845571515,0.04056394177435525,High,0.0,193.0,23.0,3.0,1.0,,False,,,,,,,,,,,,,,
RF,97,0.7351254077800753,0.898252486349454,0.8442097026604068,0.004968025659849984,0.036361431626777165,High,0.0015,159.0,17.0,10.0,3.0,log2,False,,,,,,,,,,,,,,
RF,98,0.7160448098126088,0.8887346431357255,0.8413928012519563,0.007023814036463315,0.04178266381311583,High,0.0079,117.0,7.0,5.0,2.0,sqrt,True,,,,,,,,,,,,,,
RF,99,0.7228535595798297,0.914638748049922,0.8498043818466353,0.005748422955924287,0.04231694075560188,High,0.0013,170.0,27.0,8.0,2.0,,True,,,,,,,,,,,,,,
RF,100,0.760125369763905,0.9151067667706709,0.8455594679186229,0.00526976967295686,0.028478032718239305,High,0.0,13.0,24.0,7.0,2.0,sqrt,False,,,,,,,,,,,,,,
RF,101,0.7142760416281859,0.8898261992979719,0.8456572769953052,0.006194173261546255,0.0437937451223731,High,0.0144,59.0,10.0,9.0,4.0,sqrt,False,,,,,,,,,,,,,,
RF,102,0.7199885341804072,0.9374215093603745,0.8427425665101721,0.0055199206614165875,0.040918010776588284,High,0.0001,106.0,8.0,3.0,1.0,,True,,,,,,,,,,,,,,
RF,103,0.6937211204268123,0.8927910491419656,0.8089788732394366,0.003930055566068233,0.03841925093754143,High,0.0001,23.0,9.0,9.0,4.0,,False,,,,,,,,,,,,,,
RF,104,0.7094261856161906,0.9004377925117005,0.8414123630672927,0.0037227199767069816,0.043995392483700685,High,0.003,167.0,27.0,6.0,2.0,log2,True,,,,,,,,,,,,,,
RF,105,0.7237081916570819,0.9485011212948518,0.8329616588419405,0.003211121579107492,0.03641782239495288,High,0.0,162.0,29.0,4.0,1.0,log2,True,,,,,,,,,,,,,,
RF,106,0.7192614442352986,0.9058997172386896,0.8414123630672925,0.004172455812348041,0.040716972943997974,High,0.001,58.0,27.0,5.0,3.0,sqrt,False,,,,,,,,,,,,,,
RF,107,0.7226294695577679,0.9435067277691107,0.8385367762128325,0.004636948874458641,0.038635768885021564,High,0.0,104.0,29.0,6.0,1.0,,True,,,,,,,,,,,,,,
RF,108,0.5274230074138693,0.7526530811232449,0.7347613458528952,0.008374045080718553,0.06911277947967533,Low,0.4599,169.0,1.0,7.0,4.0,log2,False,,,,,,,,,,,,,,
RF,109,0.7037706200472826,0.8902954368174727,0.8400039123630674,0.005677498639602617,0.0454110974385949,High,0.0089,108.0,26.0,6.0,3.0,log2,True,,,,,,,,,,,,,,
RF,110,0.5279603763986016,0.7415742004680187,0.7319444444444445,0.010180588035060334,0.06799468934861432,Low,0.6838,92.0,1.0,6.0,4.0,log2,False,,,,,,,,,,,,,,
RF,111,0.7210008539200021,0.8682902691107645,0.837206572769953,0.0073140267419190925,0.03873523961665032,High,0.0405,110.0,5.0,7.0,3.0,log2,False,,,,,,,,,,,,,,
RF,112,0.6992612366748506,0.8509682137285491,0.8301056338028168,0.006311209658729424,0.04361479904265537,Low,0.1879,100.0,3.0,8.0,2.0,,True,,,,,,,,,,,,,,
RF,113,0.7226055039575705,0.9041821860374416,0.841431924882629,0.005282197642196473,0.039608806975019485,High,0.001,34.0,24.0,10.0,1.0,sqrt,True,,,,,,,,,,,,,,
RF,114,0.7032427046151076,0.9820534321372854,0.8090571205007825,0.0027273479252489775,0.03527147196189162,High,0.0,188.0,30.0,4.0,1.0,sqrt,False,,,,,,,,,,,,,,
RF,115,0.6836746006743395,0.8887339118564743,0.8385758998435054,0.006677049160195111,0.05163376638972199,High,0.0173,44.0,21.0,7.0,3.0,log2,True,,,,,,,,,,,,,,
RF,116,0.7218778192631231,0.9240015600624025,0.841392801251956,0.004410426908049027,0.03983832732961096,High,0.0001,173.0,13.0,3.0,2.0,sqrt,False,,,,,,,,,,,,,,
RF,117,0.7270687917722686,0.9369556844773792,0.8399256651017215,0.00417311909282341,0.03761895777648431,High,0.0,128.0,14.0,4.0,2.0,,True,,,,,,,,,,,,,,
RF,118,0.7416057090231586,0.929151959828393,0.8469483568075116,0.005579102327260803,0.03511421592811767,High,0.0001,18.0,24.0,7.0,1.0,,True,,,,,,,,,,,,,,
RF,119,0.7037918392333256,0.9041821860374416,0.8470070422535212,0.0073984654253702545,0.04773840100673188,High,0.0058,56.0,9.0,6.0,1.0,sqrt,True,,,,,,,,,,,,,,
Naive,0,0.6175756906426746,0.7918238104524181,0.7809663536776212,0.0072279630169928616,0.05446355434498223,Low,0.5674,,,,,,,0.06188310943254849,,,,,,,,,,,,,
Naive,1,0.6376120478084545,0.77653129875195,0.7682707355242566,0.0068736073411827265,0.043552895905267376,Low,0.5872,,,,,,,5.02652211962732e-07,,,,,,,,,,,,,
Naive,2,0.6242958194117734,0.7908877730109205,0.7781690140845071,0.006310269896954282,0.05129106489091123,Low,0.4786,,,,,,,0.02901500538130569,,,,,,,,,,,,,
Naive,3,0.6270731070143358,0.8002505850234009,0.7851525821596244,0.005593281912364137,0.052693158381762834,Low,0.4144,,,,,,,9.254339793895429e-05,,,,,,,,,,,,,
Naive,4,0.6203063589389886,0.7695085803432138,0.7612480438184663,0.008063538189504582,0.04698056162649258,Low,0.615,,,,,,,1.3856575535025004e-07,,,,,,,,,,,,,
Naive,5,0.6308363712864383,0.8005618662246489,0.7893974960876369,0.00717545779400426,0.05285370826706619,Low,0.5451,,,,,,,0.0013572742033863279,,,,,,,,,,,,,
Naive,6,0.6541855366131989,0.8013436037441497,0.7935641627543035,0.007073963881404493,0.04645954204703488,Low,0.6308,,,,,,,0.0011758434430249578,,,,,,,,,,,,,
Naive,7,0.619943204096696,0.7612370807332294,0.7570422535211268,0.006577767905139703,0.04569968314147691,Low,0.7911,,,,,,,1.7690646398727958e-08,,,,,,,,,,,,,
Naive,8,0.6447887358488008,0.7988453100624026,0.7865805946791862,0.00796751317243256,0.0472639529434618,Low,0.4613,,,,,,,0.0016093885451043217,,,,,,,,,,,,,
Naive,9,0.6203063589389886,0.7693523303432137,0.7612480438184663,0.0077528276972568776,0.04698056162649258,Low,0.6213,,,,,,,1.4971146491637247e-07,,,,,,,,,,,,,
Naive,10,0.6452105665498336,0.8016563475039001,0.7921948356807511,0.006110951955500126,0.04899475637697253,Low,0.579,,,,,,,0.0004891839571080182,,,,,,,,,,,,,
Naive,11,0.6040684620026616,0.7927596041341654,0.7781885758998436,0.00715995909841903,0.05804003796572733,Low,0.4733,,,,,,,0.022852990380422957,,,,,,,,,,,,,
Naive,12,0.6393794696551263,0.8013440912636506,0.7907863849765258,0.006139068015408524,0.05046897177379984,Low,0.5483,,,,,,,0.0007069768893798972,,,,,,,,,,,,,
Naive,13,0.6417811772857178,0.7748137675507019,0.7739632237871674,0.0056730869442256915,0.04406068216714988,Low,0.9554,,,,,,,0.37742175998443495,,,,,,,,,,,,,
Naive,14,0.6409607217306676,0.7830850234009361,0.7753716744913928,0.0032546001500680694,0.044803650920241724,Low,0.6188,,,,,,,0.7508794057950555,,,,,,,,,,,,,
Naive,15,0.6066677462425424,0.7476601501560062,0.7373630672926448,0.010446107114432158,0.0435651070167008,Low,0.5061,,,,,,,1.7203732702501957e-09,,,,,,,,,,,,,
Naive,16,0.6137514287478929,0.7626416244149766,0.7570422535211268,0.007426856493859894,0.04776360825774461,Low,0.7358,,,,,,,2.6722269876403688e-08,,,,,,,,,,,,,
Naive,17,0.6137514287478929,0.7665432429797192,0.7570422535211268,0.008014374284317782,0.04776360825774461,Low,0.5699,,,,,,,7.084696745258941e-08,,,,,,,,,,,,,
Naive,18,0.627665668070626,0.7696643428237129,0.7626564945226917,0.007545706641298509,0.04499694215068858,Low,0.6553,,,,,,,1.5996038192354402e-07,,,,,,,,,,,,,
Naive,19,0.6128112833886059,0.786049385725429,0.7796165884194053,0.005704227793857677,0.055601768343599804,Low,0.7377,,,,,,,0.16813425636408144,,,,,,,,,,,,,
Naive,20,0.6162721405367431,0.7553073810452419,0.7500391236306729,0.005972517024702362,0.04458899436464328,Low,0.7332,,,,,,,6.5819350323409246e-09,,,,,,,,,,,,,
Naive,21,0.6100097363116059,0.7548396060842435,0.7486306729264476,0.006300331586868088,0.04620697887161386,Low,0.6986,,,,,,,4.682455006991383e-09,,,,,,,,,,,,,
Naive,22,0.6376120478084545,0.77653129875195,0.7682707355242566,0.0068736073411827265,0.043552895905267376,Low,0.5872,,,,,,,5.177819552631547e-07,,,,,,,,,,,,,
Naive,23,0.6092730525872776,0.7916682917316693,0.7781885758998436,0.006036625544152349,0.05630517443752201,Low,0.4929,,,,,,,0.026602094786175905,,,,,,,,,,,,,
Naive,24,0.6149576225823586,0.7684160491419657,0.7598591549295775,0.007668560563779162,0.04830051078240627,Low,0.6117,,,,,,,9.970973028548613e-08,,,,,,,,,,,,,
Naive,25,0.6066677462425424,0.7482841751170046,0.7373630672926448,0.009727046479366109,0.0435651070167008,Low,0.48,,,,,,,1.856643658453531e-09,,,,,,,,,,,,,
Naive,26,0.6180548537087033,0.7677917804212169,0.7584507042253521,0.007689478228411763,0.04679861683888293,Low,0.5684,,,,,,,9.354311720183372e-08,,,,,,,,,,,,,
Naive,27,0.6447887358488008,0.7983768038221529,0.7865805946791862,0.007957428421031646,0.0472639529434618,Low,0.4781,,,,,,,0.00204381810744318,,,,,,,,,,,,,
Naive,28,0.6376120478084545,0.7759065425117004,0.7682707355242566,0.007045268980418508,0.043552895905267376,Low,0.6155,,,,,,,4.2484715244004303e-07,,,,,,,,,,,,,
Naive,29,0.6170967582403406,0.7840203295631825,0.7767996870109546,0.007888764926169953,0.05323430959020465,Low,0.6963,,,,,,,0.21387228677850612,,,,,,,,,,,,,
Naive,30,0.6500551706003089,0.8016561037441499,0.7936032863849765,0.0061973412208164306,0.047849371928222514,Low,0.6282,,,,,,,0.00031760240692285587,,,,,,,,,,,,,
Naive,31,0.620994830067767,0.7969739664586583,0.783744131455399,0.006212936658933389,0.05424976712921066,Low,0.4853,,,,,,,4.1627481283646854e-05,,,,,,,,,,,,,
Naive,32,0.6541855366131989,0.8013436037441497,0.7935641627543035,0.007073963881404493,0.04645954204703488,Low,0.6308,,,,,,,0.0011985852994686745,,,,,,,,,,,,,
Naive,33,0.6186712607510108,0.7918240542121685,0.7795774647887324,0.006621363298760374,0.05363540134590722,Low,0.5132,,,,,,,0.044618983059263914,,,,,,,,,,,,,
Naive,34,0.6202722341229254,0.7899514918096724,0.782394366197183,0.008017399527492244,0.054040710691419205,Low,0.6875,,,,,,,0.07427208290769718,,,,,,,,,,,,,
Naive,35,0.6283148920019859,0.7841773108424338,0.7724960876369327,0.006869185097223445,0.04806039854498228,Low,0.488,,,,,,,1.5053842122530495e-06,,,,,,,,,,,,,
Naive,36,0.6452105665498336,0.8002513163026521,0.7921948356807511,0.0055672851213394246,0.04899475637697254,Low,0.6355,,,,,,,0.00014050337486367511,,,,,,,,,,,,,
Naive,37,0.6093429666635612,0.7971294851794072,0.7809663536776213,0.009728390939194148,0.05720779567135339,Low,0.4239,,,,,,,0.008806914388705664,,,,,,,,,,,,,
Naive,38,0.6210814387286745,0.7899514918096725,0.7809859154929577,0.008077884194719906,0.05330149225476107,Low,0.6293,,,,,,,0.07044697938051454,,,,,,,,,,,,,
Naive,39,0.6500551706003089,0.8025923849453978,0.7936032863849765,0.006719101688279635,0.047849371928222514,Low,0.5899,,,,,,,0.0003854881515138658,,,,,,,,,,,,,
Naive,40,0.6372700468607171,0.7997830538221529,0.7893779342723005,0.005659564309286935,0.05070262913719446,Low,0.5554,,,,,,,0.00012246929731814525,,,,,,,,,,,,,
Naive,41,0.6164672244085749,0.7922920729329174,0.7795774647887324,0.006449731214857896,0.054370080126719164,Low,0.5031,,,,,,,0.05577457335801116,,,,,,,,,,,,,
Naive,42,0.6093429666635612,0.7969734789391575,0.7809663536776213,0.009587523548422214,0.05720779567135339,Low,0.428,,,,,,,0.008586876171958151,,,,,,,,,,,,,
Naive,43,0.629906222433584,0.781524473478939,0.769679186228482,0.005393611709326709,0.04659098793163267,Low,0.4675,,,,,,,9.258183318268722e-07,,,,,,,,,,,,,
Naive,44,0.6318122754536176,0.7996268038221529,0.7879694835680751,0.005924662891881022,0.05205240270481914,Low,0.5208,,,,,,,6.80900318211853e-05,,,,,,,,,,,,,
Naive,45,0.6137514287478929,0.7670115054602185,0.7570422535211268,0.008217820358583223,0.04776360825774461,Low,0.5516,,,,,,,7.715568451633762e-08,,,,,,,,,,,,,
Naive,46,0.6170967582403406,0.783396304602184,0.7767996870109546,0.007326618920939918,0.05323430959020465,Low,0.7209,,,,,,,0.22150723427034946,,,,,,,,,,,,,
Naive,47,0.6283148920019859,0.7852695982839315,0.7724960876369327,0.007289578093829468,0.04806039854498228,Low,0.4499,,,,,,,2.1157216226230027e-06,,,,,,,,,,,,,
Naive,48,0.6430065329196166,0.7966614664586584,0.7851721439749608,0.008835027627696593,0.04738853701844806,Low,0.4916,,,,,,,0.004159363163891479,,,,,,,,,,,,,
Naive,49,0.6283148920019859,0.7835532858814351,0.7724960876369327,0.006827627711330514,0.04806039854498228,Low,0.5109,,,,,,,1.4180410169282077e-06,,,,,,,,,,,,,
Naive,50,0.619943204096696,0.760300555772231,0.7570422535211268,0.006666010682850604,0.04569968314147691,Low,0.8369,,,,,,,1.4969319463596553e-08,,,,,,,,,,,,,
Naive,51,0.6079980394464609,0.7492211875975039,0.7401799687010955,0.009530897467295286,0.044060643084878184,Low,0.561,,,,,,,2.143293082602927e-09,,,,,,,,,,,,,
Naive,52,0.6381137693699417,0.7996253412636506,0.7879890453834115,0.007526133358318996,0.04995842533782326,Low,0.5063,,,,,,,0.0015592589483976117,,,,,,,,,,,,,
Naive,53,0.6376120478084545,0.7779360861934477,0.7682707355242566,0.00624196438133636,0.043552895905267376,Low,0.5257,,,,,,,6.117281941454415e-07,,,,,,,,,,,,,
Naive,54,0.6376120478084545,0.7760627925117005,0.7682707355242566,0.0069710605028245765,0.043552895905267376,Low,0.6083,,,,,,,4.5212073618929553e-07,,,,,,,,,,,,,
Naive,55,0.6116140584350125,0.7866729231669266,0.77820813771518,0.004884795545305628,0.055531359760055875,Low,0.6594,,,,,,,0.17674894116078474,,,,,,,,,,,,,
Naive,56,0.6146256583485219,0.7958809477379095,0.7809663536776213,0.010635008438774275,0.05544689844303314,Low,0.4471,,,,,,,0.006664661517254914,,,,,,,,,,,,,
Naive,57,0.6170967582403406,0.7840203295631825,0.7767996870109546,0.007888764926169953,0.05323430959020465,Low,0.6963,,,,,,,0.2143606493366226,,,,,,,,,,,,,
Naive,58,0.6271644368307216,0.7997828100624026,0.7879499217527386,0.005961079227669573,0.05359516164067233,Low,0.5264,,,,,,,7.935435235046681e-05,,,,,,,,,,,,,
Naive,59,0.6500551706003089,0.8014998537441498,0.7936032863849765,0.00613811117687272,0.04784937192822251,Low,0.6348,,,,,,,0.0002528545213393252,,,,,,,,,,,,,
Naive,60,0.6393794696551263,0.8015000975039002,0.7907863849765258,0.006010399266252829,0.05046897177379984,Low,0.5424,,,,,,,0.0007561739024299249,,,,,,,,,,,,,
Naive,61,0.6203063589389886,0.7695083365834633,0.7612480438184663,0.007474568668979613,0.04698056162649258,Low,0.6144,,,,,,,1.514014288036635e-07,,,,,,,,,,,,,
Naive,62,0.6144542475388335,0.7582717433697349,0.7542449139280125,0.006493137529307164,0.046596888796393,Low,0.8029,,,,,,,1.20968297206677e-08,,,,,,,,,,,,,
Naive,63,0.6335024526816913,0.7734097113884555,0.7668622848200313,0.007880172390137007,0.04445327737944667,Low,0.6732,,,,,,,2.914021067720509e-07,,,,,,,,,,,,,
Naive,64,0.620994830067767,0.7969739664586584,0.783744131455399,0.006134090319521361,0.05424976712921066,Low,0.4853,,,,,,,4.1371989106815374e-05,,,,,,,,,,,,,
Naive,65,0.6376120478084545,0.7757505362714509,0.7682707355242566,0.007141547887227204,0.043552895905267376,Low,0.6228,,,,,,,4.1193068754154084e-07,,,,,,,,,,,,,
Naive,66,0.6174848764233039,0.7915120417316693,0.7781690140845071,0.006727780278661119,0.053561379220401086,Low,0.4767,,,,,,,0.037647600211724225,,,,,,,,,,,,,
Naive,67,0.620994830067767,0.7979102476599065,0.783744131455399,0.006697689572044609,0.05424976712921066,Low,0.4562,,,,,,,4.4402230099861724e-05,,,,,,,,,,,,,
Naive,68,0.6269748328253265,0.7720049239469577,0.7654538341158059,0.007299238938986701,0.04615966709682648,Low,0.6835,,,,,,,2.2373581019916377e-07,,,,,,,,,,,,,
Naive,69,0.6265388669244978,0.7826170046801871,0.7710876369327073,0.005989980299320066,0.04818292333606987,Low,0.4938,,,,,,,1.1106872501932403e-06,,,,,,,,,,,,,
Naive,70,0.620994830067767,0.7971297289391577,0.783744131455399,0.006086202629725754,0.05424976712921066,Low,0.4803,,,,,,,3.3482174381473355e-05,,,,,,,,,,,,,
Naive,71,0.6170765236098991,0.780119442277691,0.772593896713615,0.006028608843317219,0.05183912436790531,Low,0.6752,,,,,,,0.256489337470048,,,,,,,,,,,,,
Naive,72,0.6376120478084545,0.7802764235569423,0.7682707355242566,0.005591133627964236,0.043552895905267376,Low,0.4326,,,,,,,7.933795231856482e-07,,,,,,,,,,,,,
Naive,73,0.620994830067767,0.7969739664586584,0.783744131455399,0.006134090319521361,0.05424976712921066,Low,0.4853,,,,,,,4.1366875123670575e-05,,,,,,,,,,,,,
Naive,74,0.620994830067767,0.7979102476599065,0.783744131455399,0.006697689572044609,0.05424976712921066,Low,0.4562,,,,,,,4.6588852876558326e-05,,,,,,,,,,,,,
Naive,75,0.6447887358488008,0.7979085413416537,0.7865805946791862,0.008185181577514484,0.0472639529434618,Low,0.4956,,,,,,,0.002249320248546343,,,,,,,,,,,,,
Naive,76,0.6038914190413915,0.7947898790951639,0.7781690140845071,0.008787703120323235,0.05809253168103855,Low,0.4171,,,,,,,0.02121573243631232,,,,,,,,,,,,,
Naive,77,0.6491818485745845,0.7832407858814353,0.7753716744913928,0.0041558719943644426,0.04206327530560276,Low,0.5899,,,,,,,0.8182392338078666,,,,,,,,,,,,,
Naive,78,0.6130440230030182,0.7570234496879876,0.7528364632237873,0.006802310525175152,0.0465974800735897,Low,0.7954,,,,,,,9.910543379029236e-09,,,,,,,,,,,,,
Naive,79,0.6270731070143358,0.7999385725429018,0.7851525821596244,0.005313056075090336,0.052693158381762834,Low,0.4235,,,,,,,9.469690031095113e-05,,,,,,,,,,,,,
Naive,80,0.6393794696551263,0.8018123537441497,0.7907863849765258,0.005808271123197854,0.05046897177379984,Low,0.5308,,,,,,,0.0006124553899522779,,,,,,,,,,,,,
Naive,81,0.6447887358488008,0.796972503900156,0.7865805946791862,0.009139239886943411,0.0472639529434618,Low,0.5323,,,,,,,0.002728196481999945,,,,,,,,,,,,,
Naive,82,0.619943204096696,0.7612370807332294,0.7570422535211268,0.006577767905139703,0.04569968314147691,Low,0.7911,,,,,,,1.756032174268805e-08,,,,,,,,,,,,,
Naive,83,0.6393794696551263,0.8015000975039002,0.7907863849765258,0.006010399266252829,0.05046897177379984,Low,0.5424,,,,,,,0.0007425838060547213,,,,,,,,,,,,,
Naive,84,0.6269748328253265,0.7727851989079563,0.7654538341158059,0.008022765846961339,0.04615966709682648,Low,0.6493,,,,,,,2.471385127125541e-07,,,,,,,,,,,,,
Naive,85,0.6447887358488008,0.7977525351014041,0.7865805946791862,0.008445940763904166,0.0472639529434618,Low,0.5017,,,,,,,0.0023042587112070776,,,,,,,,,,,,,
Naive,86,0.619943204096696,0.7593642745709829,0.7570422535211268,0.006463565477504008,0.04569968314147691,Low,0.8832,,,,,,,1.3322558399228935e-08,,,,,,,,,,,,,
Naive,87,0.6376120478084545,0.780744442277691,0.7682707355242566,0.00521167002127385,0.043552895905267376,Low,0.4151,,,,,,,8.422902582698812e-07,,,,,,,,,,,,,
Naive,88,0.6137514287478929,0.7637341556162247,0.7570422535211268,0.00754530499860429,0.04776360825774461,Low,0.6873,,,,,,,3.5594944477297346e-08,,,,,,,,,,,,,
Naive,89,0.6500551706003089,0.8013440912636505,0.7936032863849765,0.006099294808244258,0.04784937192822251,Low,0.6413,,,,,,,0.00029294267930242836,,,,,,,,,,,,,
Naive,90,0.6303983026121064,0.7901067667706709,0.783783255086072,0.007665326581603795,0.0511283174913219,Low,0.7218,,,,,,,0.08318626918604494,,,,,,,,,,,,,
Naive,91,0.6500551706003089,0.8018121099843993,0.7936032863849765,0.006298173012931772,0.047849371928222514,Low,0.6217,,,,,,,0.00035636641089695047,,,,,,,,,,,,,
Naive,92,0.6100097363116059,0.7537465873634945,0.7486306729264476,0.0059821353443700155,0.04620697887161386,Low,0.7491,,,,,,,4.16681493539271e-09,,,,,,,,,,,,,
Naive,93,0.6174848764233039,0.7908877730109205,0.7781690140845071,0.006154556007781268,0.053561379220401086,Low,0.4966,,,,,,,0.03483350552968987,,,,,,,,,,,,,
Naive,94,0.6447887358488008,0.7983768038221529,0.7865805946791862,0.007957428421031646,0.0472639529434618,Low,0.4781,,,,,,,0.0020338304666963425,,,,,,,,,,,,,
Naive,95,0.6446041588642746,0.788702466848674,0.773904538341158,0.005334487304138722,0.04310012649229446,Low,0.3326,,,,,,,4.148269854880545e-06,,,,,,,,,,,,,
Naive,96,0.6093429666635612,0.796349453978159,0.7809663536776213,0.00960375621895464,0.05720779567135339,Low,0.4457,,,,,,,0.00776944409305734,,,,,,,,,,,,,
Naive,97,0.6447887358488008,0.7983770475819033,0.7865805946791862,0.008041950389212696,0.0472639529434618,Low,0.4782,,,,,,,0.0017962651039346849,,,,,,,,,,,,,
Naive,98,0.6396685112025249,0.7908872854914197,0.7739241001564945,0.004639529116959901,0.04475186298465651,Low,0.2867,,,,,,,6.584046409812018e-06,,,,,,,,,,,,,
Naive,99,0.6376120478084545,0.7760627925117005,0.7682707355242566,0.0069710605028245765,0.043552895905267376,Low,0.6083,,,,,,,4.467286117975942e-07,,,,,,,,,,,,,
Naive,100,0.6500968360063867,0.8013438475039001,0.7950117370892018,0.005986006760942576,0.048304967027605054,Low,0.7051,,,,,,,0.0002619829300055608,,,,,,,,,,,,,
Naive,101,0.6314639955589668,0.785738104524181,0.773904538341158,0.007173427670120839,0.047480180927397066,Low,0.4778,,,,,,,2.206506171339893e-06,,,,,,,,,,,,,
Naive,102,0.6265388669244978,0.7821487421996879,0.7710876369327073,0.005401223252166742,0.04818292333606987,Low,0.5105,,,,,,,1.0271760390754398e-06,,,,,,,,,,,,,
Naive,103,0.6098802704881754,0.7501574687987519,0.7429968701095462,0.00868761174372576,0.04437219987379025,Low,0.6452,,,,,,,2.4680016253924764e-09,,,,,,,,,,,,,
Naive,104,0.619943204096696,0.7618611056942278,0.7570422535211268,0.006881135476572141,0.04569968314147691,Low,0.7612,,,,,,,2.223312536561719e-08,,,,,,,,,,,,,
Naive,105,0.6242149814001734,0.7999388163026521,0.7865414710485132,0.006073890246008263,0.05410882988277997,Low,0.4788,,,,,,,8.635508012143428e-05,,,,,,,,,,,,,
Naive,106,0.6203063589389886,0.7691965678627145,0.7612480438184663,0.007859022256325815,0.04698056162649258,Low,0.628,,,,,,,1.2309254452371358e-07,,,,,,,,,,,,,
Naive,107,0.626106468168437,0.7874527106084243,0.7824139280125195,0.006663829781159083,0.05210248661469418,Low,0.7798,,,,,,,0.14232717522122706,,,,,,,,,,,,,
Naive,108,0.616192002613829,0.7955696665366616,0.782394366197183,0.008394508747506272,0.05540078786111803,Low,0.4976,,,,,,,0.014513818565444491,,,,,,,,,,,,,
Naive,109,0.6393794696551263,0.8015000975039002,0.7907863849765258,0.005928860047251903,0.05046897177379984,Low,0.5424,,,,,,,0.0008202526244960426,,,,,,,,,,,,,
Naive,110,0.6284919005307641,0.7938526228549143,0.7767214397496087,0.006101974147692439,0.04940984640628156,Low,0.3281,,,,,,,1.1353024005372183e-05,,,,,,,,,,,,,
Naive,111,0.6319588750385445,0.7944766478159127,0.7781298904538342,0.0058061059624312595,0.04872367180509657,Low,0.343,,,,,,,1.3731365544866457e-05,,,,,,,,,,,,,
Naive,112,0.6083967708841087,0.7554633872854915,0.7514475743348983,0.005735455075547667,0.047683601150263176,Low,0.8074,,,,,,,6.7957118642567044e-09,,,,,,,,,,,,,
Naive,113,0.6269748328253265,0.7727851989079563,0.7654538341158059,0.008022765846961339,0.04615966709682648,Low,0.6493,,,,,,,2.461477461832011e-07,,,,,,,,,,,,,
Naive,114,0.6283148920019859,0.7841773108424338,0.7724960876369327,0.007009474991728141,0.04806039854498228,Low,0.4882,,,,,,,1.7291803089989634e-06,,,,,,,,,,,,,
Naive,115,0.6098802704881754,0.7498454563182527,0.7429968701095462,0.009004067874688782,0.04437219987379025,Low,0.6599,,,,,,,2.342416594042261e-09,,,,,,,,,,,,,
Naive,116,0.6162721405367431,0.7551513748049923,0.7500391236306729,0.006235748338654819,0.04458899436464328,Low,0.7409,,,,,,,6.194746414405492e-09,,,,,,,,,,,,,
Naive,117,0.6258752757938286,0.7894822542901716,0.782394366197183,0.006046955826786032,0.05217303013445147,Low,0.6948,,,,,,,0.09947139116986593,,,,,,,,,,,,,
Naive,118,0.6381137693699417,0.7996253412636506,0.7879890453834115,0.007526133358318996,0.04995842533782326,Low,0.5063,,,,,,,0.0015468408443303874,,,,,,,,,,,,,
Naive,119,0.6262604718977138,0.7894822542901718,0.7838028169014085,0.006126550882901677,0.05251411500123156,Low,0.7544,,,,,,,0.10686611557344144,,,,,,,,,,,,,
gbm,0,0.7107208011072567,0.9477237714508581,0.8330007824726134,0.0073504298119520676,0.04075999378845225,High,0.0,,,,,,,,40.0,0.13810915774743554,5.0,7.0,1.0,,,,,,,,
gbm,1,0.6087267972451145,0.8071172971918876,0.7935641627543035,0.0054605741122717355,0.061612455169729664,Low,0.5272,,,,,,,,20.0,0.14962180645288847,1.0,2.0,3.0,,,,,,,,
gbm,2,0.6788483406015192,0.8974739177067083,0.8386345852895147,0.007685419217966797,0.05326208156266518,High,0.009,,,,,,,,45.0,0.12788694701491718,4.0,4.0,1.0,log2,,,,,,,
gbm,3,0.6944422727133766,0.9469439840093603,0.8371674491392801,0.0069280243443259676,0.0475750588086345,High,0.0001,,,,,,,,20.0,0.15708495802645212,6.0,4.0,2.0,,,,,,,,
gbm,4,0.693690419641546,0.9057434672386895,0.8413732394366198,0.005491826658161848,0.04922760659835793,High,0.0035,,,,,,,,24.0,0.17808127386298336,5.0,5.0,2.0,log2,,,,,,,
gbm,5,0.6871798582974211,0.8556510822932918,0.8287167449139281,0.0070549896866604865,0.047178962205502335,Low,0.1231,,,,,,,,36.0,0.18470571189641624,2.0,10.0,1.0,log2,,,,,,,
gbm,6,0.6946017893678144,0.9007498049921997,0.8385954616588419,0.006907046422858055,0.04799789076367585,High,0.0036,,,,,,,,40.0,0.0809556393854107,5.0,10.0,1.0,log2,,,,,,,
gbm,7,0.6830987957703962,0.8687578003120124,0.8330007824726134,0.004806697745336354,0.04996732890073907,High,0.0608,,,,,,,,19.0,0.14062724039500973,4.0,10.0,4.0,sqrt,,,,,,,
gbm,8,0.6871174831133674,0.8417604329173167,0.8357785602503911,0.005630153502322584,0.049553692379007905,Low,0.7271,,,,,,,,15.0,0.0822269663121606,3.0,7.0,1.0,sqrt,,,,,,,
gbm,9,0.6845064189366811,0.8314571957878314,0.7950117370892019,0.010663149068921704,0.03683510605084029,High,0.0165,,,,,,,,13.0,0.12942386443581497,2.0,5.0,2.0,,,,,,,,
gbm,10,0.5305076494843888,0.7464138065522621,0.7361697965571206,0.018502129969090775,0.06855404902424395,Low,0.6741,,,,,,,,24.0,0.036951397028312426,1.0,6.0,4.0,log2,,,,,,,
gbm,11,0.7185341806391691,0.8754699687987519,0.8315727699530516,0.007078521742706427,0.03767952977129419,High,0.0067,,,,,,,,44.0,0.03578361537553388,4.0,3.0,1.0,log2,,,,,,,
gbm,12,0.7013088872345978,0.8899829368174726,0.8386150234741784,0.007883463192107894,0.045768712079860205,High,0.0083,,,,,,,,34.0,0.16549842729745676,3.0,3.0,4.0,,,,,,,,
gbm,13,0.6893718858355489,0.9302430284711388,0.8343505477308295,0.007491546613226453,0.0483262206317602,High,0.0002,,,,,,,,41.0,0.04959546419464394,6.0,8.0,1.0,,,,,,,,
gbm,14,0.6432196060062032,0.8044622659906396,0.7992762128325509,0.005868663201457465,0.0520188689421159,Low,0.7729,,,,,,,,36.0,0.030784810648207254,2.0,7.0,2.0,log2,,,,,,,
gbm,15,0.6867261990382485,0.8504992199687988,0.8315727699530516,0.005168988909456387,0.04828219030493436,Low,0.2717,,,,,,,,30.0,0.0529032469685799,3.0,10.0,1.0,log2,,,,,,,
gbm,16,0.699717636538115,0.9024656298751952,0.8456181533646323,0.00489973654869826,0.04863350560883911,High,0.0066,,,,,,,,11.0,0.13815408242528623,5.0,2.0,1.0,,,,,,,,
gbm,17,0.706442354700149,0.8952866614664587,0.8413928012519563,0.0060702395066551335,0.04498348218393573,High,0.0058,,,,,,,,37.0,0.0669839795354404,5.0,10.0,1.0,sqrt,,,,,,,
gbm,18,0.7133678266030516,0.8753134750390016,0.842781690140845,0.007731799165132419,0.04313795451259779,High,0.0512,,,,,,,,24.0,0.12070446349797329,3.0,7.0,2.0,,,,,,,,
gbm,19,0.695363728761761,0.9021536173946958,0.8455790297339592,0.006005000077933445,0.05007176699073273,High,0.008,,,,,,,,39.0,0.16983552335572777,3.0,10.0,2.0,,,,,,,,
gbm,20,0.7093995797264734,0.8603329758190327,0.834370109546166,0.006623152572600083,0.04165684327323085,High,0.0963,,,,,,,,48.0,0.06039240319938839,3.0,7.0,4.0,sqrt,,,,,,,
gbm,21,0.7245325378388504,0.897317423946958,0.8301643192488262,0.006666241115826525,0.035210593803325266,High,0.0003,,,,,,,,20.0,0.1628770648880198,6.0,7.0,4.0,sqrt,,,,,,,
gbm,22,0.6343148261870736,0.8267777398595945,0.8147300469483568,0.00839975006155244,0.06013840692042775,Low,0.5658,,,,,,,,47.0,0.032280879935766046,2.0,10.0,4.0,log2,,,,,,,
gbm,23,0.678910590772495,0.8704750877535101,0.834370109546166,0.006716218235001747,0.05181983959122365,High,0.067,,,,,,,,36.0,0.14643050462372711,3.0,4.0,2.0,sqrt,,,,,,,
gbm,24,0.6899950407785749,0.8818671996879874,0.8343896713615024,0.0059883111762052766,0.04813154352764252,High,0.0161,,,,,,,,22.0,0.07477370609154757,5.0,7.0,2.0,log2,,,,,,,
gbm,25,0.7089264117235269,0.8320868272230889,0.8245109546165885,0.006237641411661877,0.03852818096435389,Low,0.574,,,,,,,,21.0,0.1342040923607779,2.0,6.0,3.0,log2,,,,,,,
gbm,26,0.674725248100718,0.8562738884555381,0.8301251956181532,0.008348984092057282,0.05179998250581173,Low,0.1675,,,,,,,,49.0,0.16814190371384058,2.0,5.0,2.0,sqrt,,,,,,,
gbm,27,0.7204600320905675,0.9104253607644305,0.842781690140845,0.005915230069578645,0.04077388601675916,High,0.0007,,,,,,,,43.0,0.1391307210766581,5.0,10.0,3.0,log2,,,,,,,
gbm,28,0.6531276101704852,0.8231905713728549,0.813223787167449,0.0040959669814602,0.05336539233232129,Low,0.5899,,,,,,,,38.0,0.16738429104719765,1.0,9.0,4.0,log2,,,,,,,
gbm,29,0.7242143383491446,0.9283719286271452,0.8442097026604068,0.004939980523984856,0.03999845477042076,High,0.0001,,,,,,,,35.0,0.18426128977605666,6.0,6.0,3.0,sqrt,,,,,,,
gbm,30,0.698112351306089,0.8952883677847113,0.8455985915492958,0.008374097534725766,0.049162080081068954,High,0.0143,,,,,,,,26.0,0.052090740104672635,5.0,4.0,2.0,,,,,,,,
gbm,31,0.6685927185394464,0.8403563767550702,0.8343505477308295,0.004107602461138198,0.05525260973046105,Low,0.7524,,,,,,,,14.0,0.07874849045159556,3.0,10.0,2.0,log2,,,,,,,
gbm,32,0.7172534562549139,0.9038713923556942,0.8470266040688574,0.005395453202401035,0.043257715937981174,High,0.0034,,,,,,,,19.0,0.1919455505655411,4.0,8.0,3.0,,,,,,,,
gbm,33,0.6957084836989273,0.8291207585803433,0.8188967136150234,0.006717162079686924,0.04106274330536533,Low,0.4789,,,,,,,,22.0,0.12535002518101937,2.0,6.0,2.0,log2,,,,,,,
gbm,34,0.7007520835018131,0.9155752730109205,0.8385758998435054,0.0054998418883635035,0.04594127211389746,High,0.0007,,,,,,,,40.0,0.05952685648309944,5.0,6.0,1.0,,,,,,,,
gbm,35,0.7063320761985034,0.8734394500780033,0.8400625978090768,0.006100223492819132,0.044576840536857815,High,0.052,,,,,,,,33.0,0.026700620318896064,6.0,8.0,3.0,sqrt,,,,,,,
gbm,36,0.7172169028813229,0.8832727184087362,0.8357394366197184,0.008745258587821204,0.039507511246131825,High,0.0056,,,,,,,,13.0,0.07690290681583212,5.0,5.0,4.0,,,,,,,,
gbm,37,0.6717854014118876,0.8327103646645867,0.8301643192488264,0.0049804442508396005,0.05279297261231292,Low,0.8886,,,,,,,,17.0,0.13484410596771898,2.0,8.0,3.0,sqrt,,,,,,,
gbm,38,0.7201934311248092,0.9456952028081123,0.8217331768388106,0.006448549364478009,0.033846581904667175,High,0.0,,,,,,,,29.0,0.18577685295484916,5.0,10.0,1.0,,,,,,,,
gbm,39,0.7014453355208895,0.8359874707488301,0.8245109546165883,0.006572004749695666,0.04102187303189959,Low,0.4277,,,,,,,,27.0,0.08814771257151906,2.0,2.0,1.0,sqrt,,,,,,,
gbm,40,0.5140957997084505,0.7152028081123245,0.7123239436619719,0.006756548643754771,0.06607604798450714,Low,0.8993,,,,,,,,21.0,0.019709667344800837,2.0,8.0,1.0,sqrt,,,,,,,
gbm,41,0.7149936056137481,0.9074590483619345,0.8386150234741784,0.004995439046771145,0.041207139286810086,High,0.0007,,,,,,,,48.0,0.06823677963715015,6.0,9.0,2.0,sqrt,,,,,,,
gbm,42,0.6450789602804414,0.8043077223088924,0.7992566510172143,0.006230006035182879,0.05139256357892429,Low,0.7762,,,,,,,,26.0,0.06369352417427986,1.0,5.0,1.0,log2,,,,,,,
gbm,43,0.6922749329757885,0.8768735374414977,0.8400625978090765,0.005881018604219245,0.04926255494442934,High,0.0523,,,,,,,,18.0,0.0744978913460781,5.0,3.0,2.0,log2,,,,,,,
gbm,44,0.665926429968874,0.8163233716848672,0.7908450704225353,0.009822931039831234,0.0416395468178871,Low,0.1043,,,,,,,,41.0,0.010769450658738343,5.0,3.0,3.0,sqrt,,,,,,,
gbm,45,0.7288932578215988,0.8924785491419657,0.839945226917058,0.006777941312352505,0.03701732303181975,High,0.002,,,,,,,,17.0,0.16625014117923334,4.0,6.0,3.0,,,,,,,,
gbm,46,0.7236389596183008,0.9058997172386896,0.8400039123630674,0.007514575362977595,0.03878831758158886,High,0.0006,,,,,,,,24.0,0.19481788971100775,5.0,8.0,1.0,log2,,,,,,,
gbm,47,0.6970659062264741,0.8597082195787831,0.842820813771518,0.005776291236669754,0.04858496918168126,Low,0.3268,,,,,,,,28.0,0.08503864158483186,3.0,9.0,2.0,sqrt,,,,,,,
gbm,48,0.7133750895065456,0.8821792121684867,0.8189162754303598,0.005489865923024687,0.03518039530793808,High,0.0004,,,,,,,,26.0,0.019776897864390165,6.0,8.0,3.0,,,,,,,,
gbm,49,0.6836723592069984,0.8222538026521059,0.8216940532081377,0.0023304144027272993,0.0460072313337131,Low,0.9717,,,,,,,,48.0,0.12428304917539469,1.0,4.0,2.0,,,,,,,,
gbm,50,0.7183511092962988,0.8885779056162246,0.838556338028169,0.007541576061405509,0.040068409577290076,High,0.0045,,,,,,,,43.0,0.136646290383021,4.0,5.0,3.0,sqrt,,,,,,,
gbm,51,0.6672041642103186,0.8094576345553822,0.7977895148669797,0.007112898861281447,0.04352845021888702,Low,0.4468,,,,,,,,24.0,0.13523645270568144,1.0,2.0,2.0,sqrt,,,,,,,
gbm,52,0.6738001465014549,0.8455075078003119,0.8160798122065728,0.013744201998888402,0.04742655523503928,Low,0.1026,,,,,,,,50.0,0.04097399515451848,2.0,9.0,3.0,,,,,,,,
gbm,53,0.7254530872807792,0.8643881630265211,0.8357589984350549,0.004859011164335142,0.03676863705142521,High,0.0449,,,,,,,,41.0,0.019977801942856543,4.0,10.0,4.0,,,,,,,,
gbm,54,0.711803949666665,0.8832727184087364,0.8498630672926447,0.006043904305293916,0.046019705875326555,High,0.0581,,,,,,,,12.0,0.12655287988817215,6.0,9.0,3.0,log2,,,,,,,
gbm,55,0.6942849451616842,0.8963799239469579,0.8315727699530516,0.0052728616391404136,0.04576260826378918,High,0.0021,,,,,,,,46.0,0.1515226501058796,4.0,10.0,3.0,sqrt,,,,,,,
gbm,56,0.7043818466353678,0.8437894890795633,0.8245109546165885,0.008055996279037764,0.04004303599374022,Low,0.188,,,,,,,,37.0,0.09761259926149954,2.0,10.0,1.0,log2,,,,,,,
gbm,57,0.6534383258771613,0.8194473966458657,0.8020148669796556,0.008076700451728027,0.049525513700831435,Low,0.3232,,,,,,,,43.0,0.09925311553538281,1.0,4.0,4.0,sqrt,,,,,,,
gbm,58,0.7003144983236382,0.8813996684867395,0.8372261345852895,0.004799780418249435,0.045637212087217105,High,0.0176,,,,,,,,23.0,0.06299190070957354,5.0,10.0,1.0,log2,,,,,,,
gbm,59,0.7010650974156856,0.9272798849453977,0.8371870109546166,0.0051174724901055825,0.04537397117964369,High,0.0002,,,,,,,,18.0,0.19362163308766248,5.0,10.0,2.0,,,,,,,,
gbm,60,0.7055992459950726,0.8592394695787832,0.8329616588419405,0.007555867517790483,0.04245413761562264,High,0.0988,,,,,,,,50.0,0.05679408555192613,3.0,2.0,4.0,sqrt,,,,,,,
gbm,61,0.6087267972451145,0.8075853159126366,0.7935641627543035,0.0048448123072723885,0.061612455169729664,Low,0.513,,,,,,,,24.0,0.12824769223929672,1.0,3.0,4.0,,,,,,,,
gbm,62,0.6940490887036308,0.8868603744149766,0.8259585289514867,0.007155085413354672,0.04396981341595198,High,0.0024,,,,,,,,26.0,0.022497520013302536,6.0,10.0,2.0,,,,,,,,
gbm,63,0.7135486269667546,0.9230660101404056,0.8414123630672927,0.008935474354904572,0.042621245366846035,High,0.0002,,,,,,,,39.0,0.16178373242329155,4.0,9.0,4.0,,,,,,,,
gbm,64,0.6220743146789435,0.8032156786271452,0.8034428794992176,0.006532523895056056,0.06045618827342469,Low,0.9913,,,,,,,,12.0,0.1764424011106655,1.0,7.0,3.0,,,,,,,,
gbm,65,0.7095526083803035,0.8445702515600623,0.8301251956181532,0.008070354674856856,0.04019086241261656,Low,0.316,,,,,,,,39.0,0.11777826388224565,2.0,6.0,3.0,log2,,,,,,,
gbm,66,0.6220743146789435,0.803215678627145,0.8034428794992176,0.006930239301696471,0.06045618827342469,Low,0.9913,,,,,,,,37.0,0.055935936762432255,1.0,2.0,3.0,,,,,,,,
gbm,67,0.6540910841245648,0.8300589898595945,0.7894366197183099,0.014924044200279128,0.04511517853124836,High,0.0264,,,,,,,,11.0,0.03558017803213365,6.0,2.0,2.0,log2,,,,,,,
gbm,68,0.5311353749777639,0.7531206123244931,0.7445813771517997,0.013333743096026725,0.0711486673913453,Low,0.731,,,,,,,,49.0,0.028396150993357128,1.0,5.0,1.0,log2,,,,,,,
gbm,69,0.700388836070005,0.8461298264430578,0.8301643192488264,0.008348562850400795,0.04325849439294045,Low,0.3033,,,,,,,,10.0,0.09849714698357269,4.0,2.0,3.0,log2,,,,,,,
gbm,70,0.6893588617070512,0.8570573322932917,0.8301447574334897,0.010043868531931868,0.04692863190881282,Low,0.124,,,,,,,,19.0,0.1503518454207215,2.0,9.0,2.0,,,,,,,,
gbm,71,0.6691233027167097,0.8227218213728549,0.8174491392801251,0.004129044850492886,0.049441945521138446,Low,0.757,,,,,,,,38.0,0.15151981250901414,1.0,7.0,3.0,,,,,,,,
gbm,72,0.7107574850571987,0.8451950078003121,0.8301056338028168,0.007285947606706096,0.03978271624853934,Low,0.2902,,,,,,,,32.0,0.1554838027828895,2.0,7.0,3.0,sqrt,,,,,,,
gbm,73,0.6463605221716966,0.7911990542121685,0.783783255086072,0.005552346008758105,0.045807577638125145,Low,0.6409,,,,,,,,21.0,0.014854393322616332,2.0,5.0,3.0,,,,,,,,
gbm,74,0.6968835360867802,0.8915439742589705,0.8414319248826292,0.005683953564176422,0.04818279626528299,High,0.0123,,,,,,,,29.0,0.1763178190464231,3.0,9.0,2.0,,,,,,,,
gbm,75,0.6698668641859248,0.8241283151326053,0.8048122065727699,0.009503961546393004,0.04498178079561502,Low,0.2367,,,,,,,,34.0,0.11260907708938055,1.0,7.0,4.0,sqrt,,,,,,,
gbm,76,0.7373369691655729,0.8881089118564743,0.8456181533646323,0.006836460493511017,0.036093728066353116,High,0.0064,,,,,,,,16.0,0.08386408411105789,5.0,2.0,1.0,log2,,,,,,,
gbm,77,0.71637073599803,0.9670741517160687,0.8231416275430361,0.004084460846256694,0.03559029718166868,High,0.0,,,,,,,,49.0,0.19798245447159382,5.0,6.0,4.0,,,,,,,,
gbm,78,0.6966093757584393,0.9458514528081123,0.832981220657277,0.005778999946500007,0.0454572816329459,High,0.0,,,,,,,,50.0,0.1112046928704961,5.0,3.0,2.0,,,,,,,,
gbm,79,0.6951991410803826,0.8495641575663025,0.832981220657277,0.007335293467432701,0.045927359858964796,Low,0.3113,,,,,,,,19.0,0.10004909654832318,3.0,6.0,3.0,log2,,,,,,,
gbm,80,0.6693616338425928,0.8397313767550703,0.8203051643192488,0.004991976895173931,0.05031451015888532,Low,0.2782,,,,,,,,45.0,0.023307198672560703,3.0,10.0,2.0,log2,,,,,,,
gbm,81,0.6855116262401098,0.8542472698907956,0.8273082942097026,0.00760577102901503,0.04726555598986431,Low,0.124,,,,,,,,42.0,0.19222268953605295,2.0,6.0,3.0,sqrt,,,,,,,
gbm,82,0.6308639178236485,0.8082090971138844,0.7880086071987481,0.003943475607390556,0.0523815631250332,Low,0.278,,,,,,,,19.0,0.17186917536159868,1.0,6.0,3.0,log2,,,,,,,
gbm,83,0.716606221696402,0.884521255850234,0.8469874804381847,0.006697837454535519,0.04346041958059426,High,0.0296,,,,,,,,41.0,0.10076189153601114,3.0,8.0,1.0,,,,,,,,
gbm,84,0.7034253908898147,0.8932590678627145,0.8231220657276996,0.008135263429239294,0.03989889161262832,High,0.0005,,,,,,,,21.0,0.034793044377000905,6.0,10.0,2.0,,,,,,,,
gbm,85,0.6724680957686595,0.79697494149766,0.7936032863849765,0.0044395471546866,0.040378396872105655,Low,0.8088,,,,,,,,13.0,0.020165569415772452,3.0,4.0,3.0,,,,,,,,
gbm,86,0.7281289428996196,0.8723491127145084,0.8371674491392801,0.007175943531621383,0.03634616874655349,High,0.0178,,,,,,,,37.0,0.054692029846147884,4.0,10.0,1.0,sqrt,,,,,,,
gbm,87,0.7023047735307618,0.9233782663806552,0.8357785602503911,0.004633922228502771,0.044491262239876435,High,0.0002,,,,,,,,50.0,0.18918950976958804,5.0,4.0,4.0,sqrt,,,,,,,
gbm,88,0.7115799290615449,0.8648578880655226,0.8357589984350549,0.00533220785590233,0.04139302312450333,High,0.065,,,,,,,,14.0,0.1407466437264895,4.0,7.0,3.0,sqrt,,,,,,,
gbm,89,0.7085318047069854,0.8959131240249609,0.8399647887323944,0.005419586920656059,0.04381099467513635,High,0.004,,,,,,,,48.0,0.10966121979710763,3.0,5.0,1.0,,,,,,,,
gbm,90,0.5402805464232305,0.7682590678627145,0.7585876369327074,0.015937951557962717,0.07276903016982562,Low,0.7052,,,,,,,,44.0,0.03441122850077783,1.0,5.0,2.0,sqrt,,,,,,,
gbm,91,0.6833920737488598,0.8700085315912636,0.8400234741784038,0.006902868824201982,0.052210466809848005,Low,0.1207,,,,,,,,33.0,0.14456998371002272,3.0,10.0,1.0,log2,,,,,,,
gbm,92,0.6804556548539233,0.8509684574882994,0.8245305164319248,0.007889000285124124,0.04802495385933381,Low,0.1359,,,,,,,,39.0,0.15222804216915198,2.0,3.0,3.0,log2,,,,,,,
gbm,93,0.6944371884832828,0.8689157566302652,0.8357785602503913,0.006548200436206968,0.04711379058903617,High,0.0651,,,,,,,,16.0,0.16163142752038684,4.0,10.0,4.0,log2,,,,,,,
gbm,94,0.6170615361264491,0.8082076345553822,0.77820813771518,0.013211645906995523,0.05371553386291031,Low,0.1345,,,,,,,,21.0,0.018721331642488147,5.0,4.0,2.0,log2,,,,,,,
gbm,95,0.6735436318909371,0.8403551579563182,0.8259389671361502,0.006297653053374404,0.05079844508173769,Low,0.4194,,,,,,,,48.0,0.023102742680932504,3.0,3.0,1.0,log2,,,,,,,
gbm,96,0.7156672823494621,0.8774982936817473,0.8399647887323942,0.007206254164257431,0.04143250212764404,High,0.0241,,,,,,,,40.0,0.033607646001943776,4.0,4.0,1.0,,,,,,,,
gbm,97,0.6220743146789435,0.8033716848673947,0.8034428794992176,0.006701304613663772,0.06045618827342469,Low,0.9973,,,,,,,,36.0,0.05979479856724791,1.0,5.0,3.0,,,,,,,,
gbm,98,0.6862533650602634,0.8701647815912636,0.8301838810641626,0.006104486209022958,0.04797683866796643,High,0.0342,,,,,,,,32.0,0.18313854578211794,3.0,10.0,3.0,sqrt,,,,,,,
gbm,99,0.7230946241467695,0.8951326053042121,0.8455985915492958,0.00463737620852183,0.04083465580084212,High,0.0054,,,,,,,,49.0,0.10639634161095317,3.0,5.0,1.0,,,,,,,,
gbm,100,0.6925711381976709,0.7986910101404057,0.7964201877934272,0.005005401081533694,0.0346163498652521,Low,0.8497,,,,,,,,16.0,0.018843471856710203,3.0,8.0,1.0,,,,,,,,
gbm,101,0.7209208694280089,0.8703176189547582,0.8456377151799688,0.006236229750061031,0.04157228191731995,Low,0.1106,,,,,,,,13.0,0.062341261473416405,5.0,2.0,1.0,log2,,,,,,,
gbm,102,0.694888625074731,0.8654833755850234,0.8301643192488262,0.007197183901896048,0.04509189805803171,High,0.0441,,,,,,,,16.0,0.10824193189367587,4.0,2.0,2.0,sqrt,,,,,,,
gbm,103,0.7143676084589048,0.8714133190327613,0.8399843505477309,0.007381596514328289,0.04187224736294203,High,0.0521,,,,,,,,33.0,0.1942352945847961,2.0,3.0,2.0,,,,,,,,
gbm,104,0.6868497833174911,0.870632556552262,0.8400234741784036,0.006255916649260559,0.051057896953637515,Low,0.1069,,,,,,,,41.0,0.11929569972456511,3.0,2.0,2.0,sqrt,,,,,,,
gbm,105,0.6747036185397102,0.9288382410296412,0.8230829420970267,0.008393155547876022,0.049459774519105534,High,0.0001,,,,,,,,26.0,0.06694341416081004,6.0,4.0,2.0,,,,,,,,
gbm,106,0.6856874789845223,0.833179358424337,0.817527386541471,0.0075837568313341045,0.043946635852316215,Low,0.3183,,,,,,,,12.0,0.12991574211537896,3.0,8.0,2.0,sqrt,,,,,,,
gbm,107,0.7233322582233057,0.8412933892355694,0.8287167449139281,0.007429143442341212,0.035128162230207455,Low,0.3186,,,,,,,,45.0,0.09251961610729191,2.0,7.0,2.0,sqrt,,,,,,,
gbm,108,0.6873047889250775,0.8395765893135726,0.8259585289514867,0.005672201759949379,0.0462179133421364,Low,0.4025,,,,,,,,22.0,0.055203191493648135,3.0,9.0,4.0,log2,,,,,,,
gbm,109,0.715346940726107,0.9363301969578783,0.8357198748043819,0.004765837445779881,0.04012431135942497,High,0.0,,,,,,,,47.0,0.19771226134356107,5.0,3.0,1.0,log2,,,,,,,
gbm,110,0.7398001982143363,0.8753139625585022,0.8399843505477309,0.006995885539227717,0.03339471744446488,High,0.0114,,,,,,,,11.0,0.1791904361533413,5.0,6.0,4.0,sqrt,,,,,,,
gbm,111,0.7122109912172842,0.8671984691887676,0.8469679186228483,0.005786707100175711,0.0449189758018547,Low,0.212,,,,,,,,20.0,0.08250781225367106,3.0,7.0,2.0,,,,,,,,
gbm,112,0.7115123438372122,0.875,0.8413536776212831,0.005690088296644758,0.043280444594690305,High,0.0451,,,,,,,,10.0,0.1415287645788589,4.0,7.0,2.0,,,,,,,,
gbm,113,0.5387443228521259,0.7699729426677068,0.7530320813771518,0.018212927440485194,0.07142925284167531,Low,0.506,,,,,,,,36.0,0.014879005266551119,3.0,10.0,4.0,sqrt,,,,,,,
gbm,114,0.6146048258004422,0.8107069032761309,0.7977699530516432,0.007574370395348929,0.06105504241706701,Low,0.5434,,,,,,,,21.0,0.15463226884317435,1.0,10.0,4.0,,,,,,,,
gbm,115,0.6201967096837907,0.8300560647425899,0.8133215962441314,0.00855924985142092,0.06437496218678021,Low,0.4586,,,,,,,,27.0,0.06037745847404081,2.0,6.0,2.0,log2,,,,,,,
gbm,116,0.6936904196415458,0.8932600429017162,0.8413732394366196,0.007914019020191945,0.04922760659835794,High,0.0116,,,,,,,,45.0,0.030215476131001937,5.0,6.0,2.0,,,,,,,,
gbm,117,0.6550135467877367,0.820692521450858,0.8006651017214399,0.010643060008699684,0.04855051831123441,Low,0.2549,,,,,,,,33.0,0.047472415563706294,2.0,10.0,2.0,log2,,,,,,,
gbm,118,0.7192544710341742,0.8948188865054603,0.8315140845070422,0.007840561472358246,0.037419871157622686,High,0.0006,,,,,,,,12.0,0.07710168129787351,6.0,2.0,4.0,,,,,,,,
gbm,119,0.6898456027095032,0.8590810257410297,0.827406103286385,0.006036114294096105,0.045853500192293915,High,0.069,,,,,,,,10.0,0.07036149908816199,5.0,2.0,2.0,log2,,,,,,,
Knn,0,0.6681423387066583,0.9881401131045242,0.7978090766823162,0.0019966480638327114,0.04322224599188594,High,0.0,,,,,,,,,,,,,,5.0,distance,1.0,,,,
Knn,1,0.7317513627191041,0.8618915756630265,0.814651799687011,0.0060893479951380815,0.02763347898930229,High,0.0006,,,,,,,,,,,,,,5.0,uniform,1.0,,,,
Knn,2,0.6719418853904731,0.8417611641965678,0.8020344287949921,0.004662831383026269,0.0433641811348397,High,0.0227,,,,,,,,,,,,,,9.0,uniform,2.0,,,,
Knn,3,0.6582510290279866,0.9881401131045242,0.797848200312989,0.0019966480638327114,0.04653239042833414,High,0.0,,,,,,,,,,,,,,3.0,distance,1.0,,,,
Knn,4,0.685237711149925,0.9881401131045242,0.8020344287949921,0.0019966480638327114,0.03893223921502235,High,0.0,,,,,,,,,,,,,,9.0,distance,1.0,,,,
Knn,5,0.6695182419844312,0.8372362519500781,0.7978286384976525,0.005672561407107456,0.04277013217107374,High,0.0222,,,,,,,,,,,,,,11.0,uniform,1.0,,,,
Knn,6,0.7280956822388445,0.860798800702028,0.8090571205007825,0.0048305468735604234,0.026987146087312685,High,0.0002,,,,,,,,,,,,,,5.0,uniform,2.0,,,,
Knn,7,0.685237711149925,0.9881401131045242,0.8020344287949921,0.0019966480638327114,0.03893223921502235,High,0.0,,,,,,,,,,,,,,9.0,distance,1.0,,,,
Knn,8,0.6684058585915962,0.8434777203588144,0.8034233176838811,0.004274367925977479,0.0450058196974283,High,0.0257,,,,,,,,,,,,,,9.0,uniform,1.0,,,,
Knn,9,0.6719418853904731,0.8417611641965678,0.8020344287949921,0.004662831383026269,0.0433641811348397,High,0.0227,,,,,,,,,,,,,,9.0,uniform,2.0,,,,
Knn,10,0.6695182419844312,0.8372362519500781,0.7978286384976525,0.005672561407107456,0.04277013217107374,High,0.0222,,,,,,,,,,,,,,11.0,uniform,1.0,,,,
Knn,11,0.6670881351690126,0.9881401131045242,0.7992175273865414,0.0019966480638327114,0.0440431307391763,High,0.0,,,,,,,,,,,,,,5.0,distance,2.0,,,,
Knn,12,0.6834279628107073,0.9881401131045242,0.8020344287949921,0.0019966480638327114,0.03953548866142826,High,0.0,,,,,,,,,,,,,,11.0,distance,2.0,,,,
Knn,13,0.6695182419844312,0.8372362519500781,0.7978286384976525,0.005672561407107456,0.04277013217107374,High,0.0222,,,,,,,,,,,,,,11.0,uniform,1.0,,,,
Knn,14,0.6865680646590173,0.9881401131045242,0.8020148669796556,0.0019966480638327114,0.038482267440212756,High,0.0,,,,,,,,,,,,,,9.0,distance,2.0,,,,
Knn,15,0.693813722029042,0.9881401131045242,0.8006064162754303,0.0019966480638327114,0.035597564748796086,High,0.0,,,,,,,,,,,,,,7.0,distance,1.0,,,,
Knn,16,0.6646269388590201,0.9881401131045242,0.7992370892018779,0.0019966480638327114,0.04487005011428591,High,0.0,,,,,,,,,,,,,,3.0,distance,2.0,,,,
Knn,17,0.6582510290279866,0.9881401131045242,0.797848200312989,0.0019966480638327114,0.04653239042833414,High,0.0,,,,,,,,,,,,,,3.0,distance,1.0,,,,
Knn,18,0.6936441727853655,0.8509677262090485,0.817488262910798,0.006051424641303387,0.04128136337514416,High,0.0384,,,,,,,,,,,,,,7.0,uniform,2.0,,,,
Knn,19,0.6670881351690126,0.9881401131045242,0.7992175273865414,0.0019966480638327114,0.0440431307391763,High,0.0,,,,,,,,,,,,,,5.0,distance,2.0,,,,
Knn,20,0.7083942157285927,0.9881401131045242,0.8020148669796556,0.0019966480638327114,0.031206883750354304,High,0.0,,,,,,,,,,,,,,7.0,distance,2.0,,,,
Knn,21,0.6719418853904731,0.8417611641965678,0.8020344287949921,0.004662831383026269,0.0433641811348397,High,0.0227,,,,,,,,,,,,,,9.0,uniform,2.0,,,,
Knn,22,0.7245840261110402,0.8854570495319812,0.8160798122065728,0.004963309169895579,0.030498595365177503,High,0.0001,,,,,,,,,,,,,,3.0,uniform,1.0,,,,
Knn,23,0.6948534214863553,0.8498751950078004,0.813262910798122,0.00539838345201679,0.039469829770588896,High,0.0215,,,,,,,,,,,,,,7.0,uniform,1.0,,,,
Knn,24,0.7280956822388445,0.860798800702028,0.8090571205007825,0.0048305468735604234,0.026987146087312685,High,0.0002,,,,,,,,,,,,,,5.0,uniform,2.0,,,,
Knn,25,0.6684058585915962,0.8434777203588144,0.8034233176838811,0.004274367925977479,0.0450058196974283,High,0.0257,,,,,,,,,,,,,,9.0,uniform,1.0,,,,
Knn,26,0.693813722029042,0.9881401131045242,0.8006064162754303,0.0019966480638327114,0.035597564748796086,High,0.0,,,,,,,,,,,,,,7.0,distance,1.0,,,,
Knn,27,0.6695182419844312,0.8372362519500781,0.7978286384976525,0.005672561407107456,0.04277013217107374,High,0.0222,,,,,,,,,,,,,,11.0,uniform,1.0,,,,
Knn,28,0.693813722029042,0.9881401131045242,0.8006064162754303,0.0019966480638327114,0.035597564748796086,High,0.0,,,,,,,,,,,,,,7.0,distance,1.0,,,,
Knn,29,0.6719418853904731,0.8417611641965678,0.8020344287949921,0.004662831383026269,0.0433641811348397,High,0.0227,,,,,,,,,,,,,,9.0,uniform,2.0,,,,
Knn,30,0.6670881351690126,0.9881401131045242,0.7992175273865414,0.0019966480638327114,0.0440431307391763,High,0.0,,,,,,,,,,,,,,5.0,distance,2.0,,,,
Knn,31,0.6843042426761003,0.8352084145865835,0.7964201877934273,0.007307776364794565,0.037371981705775624,High,0.0126,,,,,,,,,,,,,,11.0,uniform,2.0,,,,
Knn,32,0.685237711149925,0.9881401131045242,0.8020344287949921,0.0019966480638327114,0.03893223921502235,High,0.0,,,,,,,,,,,,,,9.0,distance,1.0,,,,
Knn,33,0.7245840261110402,0.8854570495319812,0.8160798122065728,0.004963309169895579,0.030498595365177503,High,0.0001,,,,,,,,,,,,,,3.0,uniform,1.0,,,,
Knn,34,0.6936441727853655,0.8509677262090485,0.817488262910798,0.006051424641303387,0.04128136337514416,High,0.0384,,,,,,,,,,,,,,7.0,uniform,2.0,,,,
Knn,35,0.6948534214863553,0.8498751950078004,0.813262910798122,0.00539838345201679,0.039469829770588896,High,0.0215,,,,,,,,,,,,,,7.0,uniform,1.0,,,,
Knn,36,0.7280956822388445,0.860798800702028,0.8090571205007825,0.0048305468735604234,0.026987146087312685,High,0.0002,,,,,,,,,,,,,,5.0,uniform,2.0,,,,
Knn,37,0.6843042426761003,0.8352084145865835,0.7964201877934273,0.007307776364794565,0.037371981705775624,High,0.0126,,,,,,,,,,,,,,11.0,uniform,2.0,,,,
Knn,38,0.6948534214863553,0.8498751950078004,0.813262910798122,0.00539838345201679,0.039469829770588896,High,0.0215,,,,,,,,,,,,,,7.0,uniform,1.0,,,,
Knn,39,0.693813722029042,0.9881401131045242,0.8006064162754303,0.0019966480638327114,0.035597564748796086,High,0.0,,,,,,,,,,,,,,7.0,distance,1.0,,,,
Knn,40,0.6582510290279866,0.9881401131045242,0.797848200312989,0.0019966480638327114,0.04653239042833414,High,0.0,,,,,,,,,,,,,,3.0,distance,1.0,,,,
Knn,41,0.685237711149925,0.9881401131045242,0.8020344287949921,0.0019966480638327114,0.03893223921502235,High,0.0,,,,,,,,,,,,,,9.0,distance,1.0,,,,
Knn,42,0.7413468615744983,0.8818674434477378,0.8146713615023474,0.0048634704532971385,0.024441499975949733,High,0.0,,,,,,,,,,,,,,3.0,uniform,2.0,,,,
Knn,43,0.7413468615744983,0.8818674434477378,0.8146713615023474,0.0048634704532971385,0.024441499975949733,High,0.0,,,,,,,,,,,,,,3.0,uniform,2.0,,,,
Knn,44,0.6865680646590173,0.9881401131045242,0.8020148669796556,0.0019966480638327114,0.038482267440212756,High,0.0,,,,,,,,,,,,,,9.0,distance,2.0,,,,
Knn,45,0.6681423387066583,0.9881401131045242,0.7978090766823162,0.0019966480638327114,0.04322224599188594,High,0.0,,,,,,,,,,,,,,5.0,distance,1.0,,,,
Knn,46,0.7245840261110402,0.8854570495319812,0.8160798122065728,0.004963309169895579,0.030498595365177503,High,0.0001,,,,,,,,,,,,,,3.0,uniform,1.0,,,,
Knn,47,0.6936441727853655,0.8509677262090485,0.817488262910798,0.006051424641303387,0.04128136337514416,High,0.0384,,,,,,,,,,,,,,7.0,uniform,2.0,,,,
Knn,48,0.7083942157285927,0.9881401131045242,0.8020148669796556,0.0019966480638327114,0.031206883750354304,High,0.0,,,,,,,,,,,,,,7.0,distance,2.0,,,,
Knn,49,0.7317513627191041,0.8618915756630265,0.814651799687011,0.0060893479951380815,0.02763347898930229,High,0.0006,,,,,,,,,,,,,,5.0,uniform,1.0,,,,
Knn,50,0.6684058585915962,0.8434777203588144,0.8034233176838811,0.004274367925977479,0.0450058196974283,High,0.0257,,,,,,,,,,,,,,9.0,uniform,1.0,,,,
Knn,51,0.6719418853904731,0.8417611641965678,0.8020344287949921,0.004662831383026269,0.0433641811348397,High,0.0227,,,,,,,,,,,,,,9.0,uniform,2.0,,,,
Knn,52,0.7245840261110402,0.8854570495319812,0.8160798122065728,0.004963309169895579,0.030498595365177503,High,0.0001,,,,,,,,,,,,,,3.0,uniform,1.0,,,,
Knn,53,0.6681423387066583,0.9881401131045242,0.7978090766823162,0.0019966480638327114,0.04322224599188594,High,0.0,,,,,,,,,,,,,,5.0,distance,1.0,,,,
Knn,54,0.7245840261110402,0.8854570495319812,0.8160798122065728,0.004963309169895579,0.030498595365177503,High,0.0001,,,,,,,,,,,,,,3.0,uniform,1.0,,,,
Knn,55,0.6865680646590173,0.9881401131045242,0.8020148669796556,0.0019966480638327114,0.038482267440212756,High,0.0,,,,,,,,,,,,,,9.0,distance,2.0,,,,
Knn,56,0.6719418853904731,0.8417611641965678,0.8020344287949921,0.004662831383026269,0.0433641811348397,High,0.0227,,,,,,,,,,,,,,9.0,uniform,2.0,,,,
Knn,57,0.6834279628107073,0.9881401131045242,0.8020344287949921,0.0019966480638327114,0.03953548866142826,High,0.0,,,,,,,,,,,,,,11.0,distance,2.0,,,,
Knn,58,0.7245840261110402,0.8854570495319812,0.8160798122065728,0.004963309169895579,0.030498595365177503,High,0.0001,,,,,,,,,,,,,,3.0,uniform,1.0,,,,
Knn,59,0.6865680646590173,0.9881401131045242,0.8020148669796556,0.0019966480638327114,0.038482267440212756,High,0.0,,,,,,,,,,,,,,9.0,distance,2.0,,,,
Knn,60,0.685237711149925,0.9881401131045242,0.8020344287949921,0.0019966480638327114,0.03893223921502235,High,0.0,,,,,,,,,,,,,,9.0,distance,1.0,,,,
Knn,61,0.6670881351690126,0.9881401131045242,0.7992175273865414,0.0019966480638327114,0.0440431307391763,High,0.0,,,,,,,,,,,,,,5.0,distance,2.0,,,,
Knn,62,0.6681423387066583,0.9881401131045242,0.7978090766823162,0.0019966480638327114,0.04322224599188594,High,0.0,,,,,,,,,,,,,,5.0,distance,1.0,,,,
Knn,63,0.685237711149925,0.9881401131045242,0.8020344287949921,0.0019966480638327114,0.03893223921502235,High,0.0,,,,,,,,,,,,,,9.0,distance,1.0,,,,
Knn,64,0.6670881351690126,0.9881401131045242,0.7992175273865414,0.0019966480638327114,0.0440431307391763,High,0.0,,,,,,,,,,,,,,5.0,distance,2.0,,,,
Knn,65,0.7413468615744983,0.8818674434477378,0.8146713615023474,0.0048634704532971385,0.024441499975949733,High,0.0,,,,,,,,,,,,,,3.0,uniform,2.0,,,,
Knn,66,0.7317513627191041,0.8618915756630265,0.814651799687011,0.0060893479951380815,0.02763347898930229,High,0.0006,,,,,,,,,,,,,,5.0,uniform,1.0,,,,
Knn,67,0.6670881351690126,0.9881401131045242,0.7992175273865414,0.0019966480638327114,0.0440431307391763,High,0.0,,,,,,,,,,,,,,5.0,distance,2.0,,,,
Knn,68,0.7245840261110402,0.8854570495319812,0.8160798122065728,0.004963309169895579,0.030498595365177503,High,0.0001,,,,,,,,,,,,,,3.0,uniform,1.0,,,,
Knn,69,0.6719418853904731,0.8417611641965678,0.8020344287949921,0.004662831383026269,0.0433641811348397,High,0.0227,,,,,,,,,,,,,,9.0,uniform,2.0,,,,
Knn,70,0.6948534214863553,0.8498751950078004,0.813262910798122,0.00539838345201679,0.039469829770588896,High,0.0215,,,,,,,,,,,,,,7.0,uniform,1.0,,,,
Knn,71,0.6695182419844312,0.8372362519500781,0.7978286384976525,0.005672561407107456,0.04277013217107374,High,0.0222,,,,,,,,,,,,,,11.0,uniform,1.0,,,,
Knn,72,0.6681423387066583,0.9881401131045242,0.7978090766823162,0.0019966480638327114,0.04322224599188594,High,0.0,,,,,,,,,,,,,,5.0,distance,1.0,,,,
Knn,73,0.6646269388590201,0.9881401131045242,0.7992370892018779,0.0019966480638327114,0.04487005011428591,High,0.0,,,,,,,,,,,,,,3.0,distance,2.0,,,,
Knn,74,0.6936441727853655,0.8509677262090485,0.817488262910798,0.006051424641303387,0.04128136337514416,High,0.0384,,,,,,,,,,,,,,7.0,uniform,2.0,,,,
Knn,75,0.6948534214863553,0.8498751950078004,0.813262910798122,0.00539838345201679,0.039469829770588896,High,0.0215,,,,,,,,,,,,,,7.0,uniform,1.0,,,,
Knn,76,0.6695182419844312,0.8372362519500781,0.7978286384976525,0.005672561407107456,0.04277013217107374,High,0.0222,,,,,,,,,,,,,,11.0,uniform,1.0,,,,
Knn,77,0.7280956822388445,0.860798800702028,0.8090571205007825,0.0048305468735604234,0.026987146087312685,High,0.0002,,,,,,,,,,,,,,5.0,uniform,2.0,,,,
Knn,78,0.6719418853904731,0.8417611641965678,0.8020344287949921,0.004662831383026269,0.0433641811348397,High,0.0227,,,,,,,,,,,,,,9.0,uniform,2.0,,,,
Knn,79,0.6902186529691113,0.9881401131045242,0.8034428794992176,0.0019966480638327114,0.037741408843368754,High,0.0,,,,,,,,,,,,,,11.0,distance,1.0,,,,
Knn,80,0.685237711149925,0.9881401131045242,0.8020344287949921,0.0019966480638327114,0.03893223921502235,High,0.0,,,,,,,,,,,,,,9.0,distance,1.0,,,,
Knn,81,0.7083942157285927,0.9881401131045242,0.8020148669796556,0.0019966480638327114,0.031206883750354304,High,0.0,,,,,,,,,,,,,,7.0,distance,2.0,,,,
Knn,82,0.7413468615744983,0.8818674434477378,0.8146713615023474,0.0048634704532971385,0.024441499975949733,High,0.0,,,,,,,,,,,,,,3.0,uniform,2.0,,,,
Knn,83,0.6865680646590173,0.9881401131045242,0.8020148669796556,0.0019966480638327114,0.038482267440212756,High,0.0,,,,,,,,,,,,,,9.0,distance,2.0,,,,
Knn,84,0.7280956822388445,0.860798800702028,0.8090571205007825,0.0048305468735604234,0.026987146087312685,High,0.0002,,,,,,,,,,,,,,5.0,uniform,2.0,,,,
Knn,85,0.7317513627191041,0.8618915756630265,0.814651799687011,0.0060893479951380815,0.02763347898930229,High,0.0006,,,,,,,,,,,,,,5.0,uniform,1.0,,,,
Knn,86,0.6834279628107073,0.9881401131045242,0.8020344287949921,0.0019966480638327114,0.03953548866142826,High,0.0,,,,,,,,,,,,,,11.0,distance,2.0,,,,
Knn,87,0.6681423387066583,0.9881401131045242,0.7978090766823162,0.0019966480638327114,0.04322224599188594,High,0.0,,,,,,,,,,,,,,5.0,distance,1.0,,,,
Knn,88,0.6646269388590201,0.9881401131045242,0.7992370892018779,0.0019966480638327114,0.04487005011428591,High,0.0,,,,,,,,,,,,,,3.0,distance,2.0,,,,
Knn,89,0.7245840261110402,0.8854570495319812,0.8160798122065728,0.004963309169895579,0.030498595365177503,High,0.0001,,,,,,,,,,,,,,3.0,uniform,1.0,,,,
Knn,90,0.685237711149925,0.9881401131045242,0.8020344287949921,0.0019966480638327114,0.03893223921502235,High,0.0,,,,,,,,,,,,,,9.0,distance,1.0,,,,
Knn,91,0.6684058585915962,0.8434777203588144,0.8034233176838811,0.004274367925977479,0.0450058196974283,High,0.0257,,,,,,,,,,,,,,9.0,uniform,1.0,,,,
Knn,92,0.6834279628107073,0.9881401131045242,0.8020344287949921,0.0019966480638327114,0.03953548866142826,High,0.0,,,,,,,,,,,,,,11.0,distance,2.0,,,,
Knn,93,0.7083942157285927,0.9881401131045242,0.8020148669796556,0.0019966480638327114,0.031206883750354304,High,0.0,,,,,,,,,,,,,,7.0,distance,2.0,,,,
Knn,94,0.6582510290279866,0.9881401131045242,0.797848200312989,0.0019966480638327114,0.04653239042833414,High,0.0,,,,,,,,,,,,,,3.0,distance,1.0,,,,
Knn,95,0.6948534214863553,0.8498751950078004,0.813262910798122,0.00539838345201679,0.039469829770588896,High,0.0215,,,,,,,,,,,,,,7.0,uniform,1.0,,,,
Knn,96,0.7413468615744983,0.8818674434477378,0.8146713615023474,0.0048634704532971385,0.024441499975949733,High,0.0,,,,,,,,,,,,,,3.0,uniform,2.0,,,,
Knn,97,0.7280956822388445,0.860798800702028,0.8090571205007825,0.0048305468735604234,0.026987146087312685,High,0.0002,,,,,,,,,,,,,,5.0,uniform,2.0,,,,
Knn,98,0.7245840261110402,0.8854570495319812,0.8160798122065728,0.004963309169895579,0.030498595365177503,High,0.0001,,,,,,,,,,,,,,3.0,uniform,1.0,,,,
Knn,99,0.685237711149925,0.9881401131045242,0.8020344287949921,0.0019966480638327114,0.03893223921502235,High,0.0,,,,,,,,,,,,,,9.0,distance,1.0,,,,
Knn,100,0.6843042426761003,0.8352084145865835,0.7964201877934273,0.007307776364794565,0.037371981705775624,High,0.0126,,,,,,,,,,,,,,11.0,uniform,2.0,,,,
Knn,101,0.6646269388590201,0.9881401131045242,0.7992370892018779,0.0019966480638327114,0.04487005011428591,High,0.0,,,,,,,,,,,,,,3.0,distance,2.0,,,,
Knn,102,0.6646269388590201,0.9881401131045242,0.7992370892018779,0.0019966480638327114,0.04487005011428591,High,0.0,,,,,,,,,,,,,,3.0,distance,2.0,,,,
Knn,103,0.685237711149925,0.9881401131045242,0.8020344287949921,0.0019966480638327114,0.03893223921502235,High,0.0,,,,,,,,,,,,,,9.0,distance,1.0,,,,
Knn,104,0.7280956822388445,0.860798800702028,0.8090571205007825,0.0048305468735604234,0.026987146087312685,High,0.0002,,,,,,,,,,,,,,5.0,uniform,2.0,,,,
Knn,105,0.7083942157285927,0.9881401131045242,0.8020148669796556,0.0019966480638327114,0.031206883750354304,High,0.0,,,,,,,,,,,,,,7.0,distance,2.0,,,,
Knn,106,0.7245840261110402,0.8854570495319812,0.8160798122065728,0.004963309169895579,0.030498595365177503,High,0.0001,,,,,,,,,,,,,,3.0,uniform,1.0,,,,
Knn,107,0.6834279628107073,0.9881401131045242,0.8020344287949921,0.0019966480638327114,0.03953548866142826,High,0.0,,,,,,,,,,,,,,11.0,distance,2.0,,,,
Knn,108,0.6684058585915962,0.8434777203588144,0.8034233176838811,0.004274367925977479,0.0450058196974283,High,0.0257,,,,,,,,,,,,,,9.0,uniform,1.0,,,,
Knn,109,0.6948534214863553,0.8498751950078004,0.813262910798122,0.00539838345201679,0.039469829770588896,High,0.0215,,,,,,,,,,,,,,7.0,uniform,1.0,,,,
Knn,110,0.6582510290279866,0.9881401131045242,0.797848200312989,0.0019966480638327114,0.04653239042833414,High,0.0,,,,,,,,,,,,,,3.0,distance,1.0,,,,
Knn,111,0.6582510290279866,0.9881401131045242,0.797848200312989,0.0019966480638327114,0.04653239042833414,High,0.0,,,,,,,,,,,,,,3.0,distance,1.0,,,,
Knn,112,0.6646269388590201,0.9881401131045242,0.7992370892018779,0.0019966480638327114,0.04487005011428591,High,0.0,,,,,,,,,,,,,,3.0,distance,2.0,,,,
Knn,113,0.6684058585915962,0.8434777203588144,0.8034233176838811,0.004274367925977479,0.0450058196974283,High,0.0257,,,,,,,,,,,,,,9.0,uniform,1.0,,,,
Knn,114,0.685237711149925,0.9881401131045242,0.8020344287949921,0.0019966480638327114,0.03893223921502235,High,0.0,,,,,,,,,,,,,,9.0,distance,1.0,,,,
Knn,115,0.6684058585915962,0.8434777203588144,0.8034233176838811,0.004274367925977479,0.0450058196974283,High,0.0257,,,,,,,,,,,,,,9.0,uniform,1.0,,,,
Knn,116,0.6865680646590173,0.9881401131045242,0.8020148669796556,0.0019966480638327114,0.038482267440212756,High,0.0,,,,,,,,,,,,,,9.0,distance,2.0,,,,
Knn,117,0.6902186529691113,0.9881401131045242,0.8034428794992176,0.0019966480638327114,0.037741408843368754,High,0.0,,,,,,,,,,,,,,11.0,distance,1.0,,,,
Knn,118,0.6582510290279866,0.9881401131045242,0.797848200312989,0.0019966480638327114,0.04653239042833414,High,0.0,,,,,,,,,,,,,,3.0,distance,1.0,,,,
Knn,119,0.6948534214863553,0.8498751950078004,0.813262910798122,0.00539838345201679,0.039469829770588896,High,0.0215,,,,,,,,,,,,,,7.0,uniform,1.0,,,,
dt,0,0.7251361891184052,0.9012180674726988,0.8005281690140846,0.005570526547776613,0.025130659965226492,High,0.0,,,,,,,,,,,,,,,,,12.0,10.0,3.0,gini
dt,1,0.7063654757234836,0.9104246294851794,0.7978090766823162,0.0044762234494278,0.030481200319610834,High,0.0,,,,,,,,,,,,,,,,,12.0,4.0,3.0,gini
dt,2,0.6797705394653664,0.8564277008580344,0.8287167449139281,0.0067318330585138305,0.04964873514952058,Low,0.1302,,,,,,,,,,,,,,,,,4.0,9.0,2.0,gini
dt,3,0.7233935677592299,0.9049636797971917,0.8075899843505479,0.00498518643681388,0.02806547219710597,High,0.0,,,,,,,,,,,,,,,,,14.0,9.0,3.0,entropy
dt,4,0.6896577255847349,0.8322413709048362,0.8160602503912363,0.004573811985627129,0.042134174935500444,Low,0.2809,,,,,,,,,,,,,,,,,3.0,2.0,1.0,entropy
dt,5,0.7146696273626544,0.9314920534321371,0.8020539906103286,0.006333165608286429,0.029128121082558047,High,0.0,,,,,,,,,,,,,,,,,15.0,7.0,1.0,entropy
dt,6,0.6979565711287485,0.8954448615444619,0.8131846635367761,0.008781029865490349,0.03840936413600919,High,0.0001,,,,,,,,,,,,,,,,,7.0,3.0,2.0,gini
dt,7,0.6807051134844422,0.8979414489079562,0.814651799687011,0.005698160923726565,0.04464889540085626,High,0.0003,,,,,,,,,,,,,,,,,15.0,10.0,4.0,entropy
dt,8,0.6819205101972003,0.9282164099063962,0.7921948356807512,0.004496632785500461,0.036758108494516974,High,0.0,,,,,,,,,,,,,,,,,14.0,2.0,2.0,entropy
dt,9,0.7273215770999415,0.8676669754290172,0.8258411580594679,0.004127068403104085,0.03283986031984212,High,0.004,,,,,,,,,,,,,,,,,5.0,9.0,2.0,entropy
dt,10,0.6797705394653664,0.8564277008580344,0.8287167449139281,0.0067318330585138305,0.04964873514952058,Low,0.1302,,,,,,,,,,,,,,,,,4.0,9.0,2.0,gini
dt,11,0.703113052169784,0.8650146255850235,0.8258411580594679,0.0044734981986866125,0.04090936862989463,High,0.0185,,,,,,,,,,,,,,,,,5.0,6.0,4.0,entropy
dt,12,0.5759992718514176,0.786050604524181,0.7810054773082943,0.007824626265181017,0.06833540181895888,Low,0.8306,,,,,,,,,,,,,,,,,1.0,2.0,4.0,entropy
dt,13,0.6662656458742849,0.835205001950078,0.8133215962441314,0.0045676343424714055,0.04901865012328214,Low,0.2146,,,,,,,,,,,,,,,,,3.0,4.0,4.0,gini
dt,14,0.6819205101972003,0.9282164099063962,0.7921948356807512,0.004496632785500461,0.036758108494516974,High,0.0,,,,,,,,,,,,,,,,,14.0,3.0,2.0,entropy
dt,15,0.6864061440264111,0.8921667804212168,0.8245109546165883,0.0049902350893978415,0.046034936863392405,High,0.0017,,,,,,,,,,,,,,,,,9.0,10.0,4.0,entropy
dt,16,0.6858181831691623,0.8899814742589701,0.8203247261345853,0.006210082359974021,0.044835514321807636,High,0.0011,,,,,,,,,,,,,,,,,8.0,6.0,4.0,entropy
dt,17,0.7233935677592299,0.9048074297971919,0.8075899843505479,0.005299074684187548,0.02806547219710597,High,0.0,,,,,,,,,,,,,,,,,13.0,9.0,3.0,entropy
dt,18,0.678049202472182,0.8664167316692668,0.8273082942097026,0.007362109268581996,0.049753030579173525,High,0.0434,,,,,,,,,,,,,,,,,5.0,8.0,2.0,gini
dt,19,0.721275931407894,0.9394512968018722,0.799237089201878,0.005610043381884205,0.025987052597994637,High,0.0,,,,,,,,,,,,,,,,,13.0,5.0,1.0,entropy
dt,20,0.6662656458742849,0.835205001950078,0.8133215962441314,0.0045676343424714055,0.04901865012328214,Low,0.2146,,,,,,,,,,,,,,,,,3.0,6.0,4.0,gini
dt,21,0.637460516061024,0.7971292414196568,0.7866784037558686,0.005381344179963951,0.04973929589828154,Low,0.5461,,,,,,,,,,,,,,,,,2.0,3.0,1.0,entropy
dt,22,0.6979565711287485,0.8954448615444619,0.8131846635367761,0.008781029865490349,0.03840936413600919,High,0.0001,,,,,,,,,,,,,,,,,7.0,4.0,2.0,gini
dt,23,0.678049202472182,0.8664167316692668,0.8273082942097026,0.007362109268581996,0.049753030579173525,High,0.0434,,,,,,,,,,,,,,,,,5.0,9.0,2.0,gini
dt,24,0.6807051134844422,0.8979414489079562,0.814651799687011,0.005698160923726565,0.04464889540085626,High,0.0003,,,,,,,,,,,,,,,,,15.0,10.0,4.0,entropy
dt,25,0.7121782809064772,0.9035581610764429,0.8076291079812206,0.005257574267720699,0.03181694235824781,High,0.0,,,,,,,,,,,,,,,,,8.0,9.0,1.0,entropy
dt,26,0.6774188470399694,0.8821784808892355,0.8188575899843504,0.005974222825005321,0.04714624764812702,High,0.0029,,,,,,,,,,,,,,,,,7.0,9.0,4.0,entropy
dt,27,0.6750506778867121,0.854866907176287,0.8287167449139281,0.006775380397185782,0.05122202234240533,Low,0.1621,,,,,,,,,,,,,,,,,4.0,2.0,4.0,gini
dt,28,0.6797849089646391,0.8356737519500781,0.8105046948356808,0.004538485647308586,0.043573261957013915,Low,0.1182,,,,,,,,,,,,,,,,,3.0,8.0,1.0,gini
dt,29,0.6765141671960693,0.946473771450858,0.7893388106416275,0.007642594303246525,0.037608214481852725,High,0.0,,,,,,,,,,,,,,,,,10.0,3.0,1.0,gini
dt,30,0.6349537503651592,0.8013436037441497,0.7908841940532081,0.005069664257969427,0.05197681456268296,Low,0.5625,,,,,,,,,,,,,,,,,2.0,2.0,2.0,gini
dt,31,0.6349537503651592,0.8013436037441497,0.7908841940532081,0.005069664257969427,0.05197681456268296,Low,0.5625,,,,,,,,,,,,,,,,,2.0,9.0,4.0,gini
dt,32,0.6987143262850071,0.9185396353354133,0.797809076682316,0.005118557768435347,0.033031583465769655,High,0.0,,,,,,,,,,,,,,,,,9.0,7.0,1.0,gini
dt,33,0.6349537503651592,0.8013436037441497,0.7908841940532081,0.005069664257969427,0.05197681456268296,Low,0.5625,,,,,,,,,,,,,,,,,2.0,8.0,3.0,gini
dt,34,0.6897255716184626,0.8654806942277691,0.8287167449139281,0.00689924584344758,0.0463303910984885,High,0.0418,,,,,,,,,,,,,,,,,5.0,7.0,3.0,gini
dt,35,0.637460516061024,0.7971292414196568,0.7866784037558686,0.005381344179963951,0.04973929589828154,Low,0.5461,,,,,,,,,,,,,,,,,2.0,3.0,1.0,entropy
dt,36,0.6756065608880042,0.9265005850234008,0.7880672926447575,0.005952295290023098,0.037486910585584454,High,0.0,,,,,,,,,,,,,,,,,13.0,4.0,2.0,gini
dt,37,0.6782579566513374,0.9257190912636505,0.7936032863849766,0.00393669808318758,0.03844844324454639,High,0.0,,,,,,,,,,,,,,,,,13.0,3.0,2.0,entropy
dt,38,0.6896577255847349,0.8322413709048362,0.8160602503912363,0.004573811985627129,0.042134174935500444,Low,0.2809,,,,,,,,,,,,,,,,,3.0,9.0,1.0,entropy
dt,39,0.6808185880731346,0.9143267355694228,0.7949921752738653,0.006482841334393641,0.0380578624002436,High,0.0,,,,,,,,,,,,,,,,,9.0,8.0,1.0,gini
dt,40,0.6732775092804103,0.9374222406396256,0.7795970266040688,0.004701837392522104,0.03543983910788617,High,0.0,,,,,,,,,,,,,,,,,15.0,6.0,1.0,gini
dt,41,0.6864801988348226,0.8821784808892355,0.8202856025039124,0.006368589150053439,0.044601801223029945,High,0.0024,,,,,,,,,,,,,,,,,7.0,8.0,4.0,entropy
dt,42,0.6906723898465457,0.9058992297191887,0.8034037558685446,0.005917047945336134,0.03757712200733301,High,0.0,,,,,,,,,,,,,,,,,8.0,7.0,1.0,entropy
dt,43,0.6790873753564833,0.8622031006240249,0.8174491392801253,0.006665988198005762,0.046120587974547315,High,0.0174,,,,,,,,,,,,,,,,,5.0,9.0,4.0,gini
dt,44,0.6662656458742849,0.835205001950078,0.8133215962441314,0.0045676343424714055,0.04901865012328214,Low,0.2146,,,,,,,,,,,,,,,,,3.0,10.0,4.0,gini
dt,45,0.6847422199215321,0.9046516673166926,0.8076486697965573,0.006691955570912088,0.04096881662500841,High,0.0,,,,,,,,,,,,,,,,,8.0,2.0,2.0,entropy
dt,46,0.6661936848474377,0.9280606474258972,0.77820813771518,0.0047789092785019225,0.03733815095591412,High,0.0,,,,,,,,,,,,,,,,,14.0,4.0,2.0,gini
dt,47,0.666847106257823,0.8885766868174727,0.8075312989045385,0.005371267428088392,0.046894730882238486,High,0.0006,,,,,,,,,,,,,,,,,7.0,6.0,3.0,entropy
dt,48,0.6786847869062248,0.9085510920436818,0.7963810641627543,0.00529132923478672,0.039232092418843165,High,0.0,,,,,,,,,,,,,,,,,12.0,8.0,2.0,gini
dt,49,0.72369298795284,0.91011261700468,0.8104068857589984,0.005410943689524835,0.02890463260205281,High,0.0,,,,,,,,,,,,,,,,,9.0,9.0,1.0,entropy
dt,50,0.6871016811937543,0.8948193740249609,0.7977308294209703,0.0037610071057065657,0.036876382742405366,High,0.0,,,,,,,,,,,,,,,,,11.0,4.0,4.0,gini
dt,51,0.6773213588790662,0.9141721918876755,0.8005672926447576,0.00774557329534069,0.04108197792189712,High,0.0,,,,,,,,,,,,,,,,,9.0,3.0,2.0,gini
dt,52,0.7159560460898813,0.9115174044461778,0.8188771517996869,0.007510568884608239,0.03430703523660189,High,0.0,,,,,,,,,,,,,,,,,9.0,3.0,2.0,entropy
dt,53,0.6750506778867121,0.854866907176287,0.8287167449139281,0.006775380397185782,0.05122202234240533,Low,0.1621,,,,,,,,,,,,,,,,,4.0,4.0,4.0,gini
dt,54,0.6860138594738194,0.8759377437597504,0.8160993740219091,0.007880478961213662,0.04336183818269656,High,0.0024,,,,,,,,,,,,,,,,,6.0,9.0,4.0,entropy
dt,55,0.7273215770999415,0.8701640503120125,0.8258411580594679,0.004462578722135734,0.03283986031984212,High,0.0028,,,,,,,,,,,,,,,,,5.0,8.0,1.0,entropy
dt,56,0.70831318252353,0.9062114859594382,0.8047926447574335,0.004797395239441817,0.032159820744634485,High,0.0,,,,,,,,,,,,,,,,,10.0,2.0,3.0,gini
dt,57,0.6896577255847349,0.8322413709048362,0.8160602503912363,0.004573811985627129,0.042134174935500444,Low,0.2809,,,,,,,,,,,,,,,,,3.0,9.0,2.0,entropy
dt,58,0.6710749520127616,0.9210391478159126,0.7894561815336464,0.006989231677575362,0.03946040984029493,High,0.0,,,,,,,,,,,,,,,,,11.0,4.0,2.0,gini
dt,59,0.7410231865853995,0.9161997854914198,0.8174687010954618,0.005109640325983558,0.025481838170020768,High,0.0,,,,,,,,,,,,,,,,,10.0,4.0,2.0,entropy
dt,60,0.6933683834798077,0.8824934184867395,0.8061815336463225,0.010370176863712532,0.03760438338883827,High,0.0001,,,,,,,,,,,,,,,,,6.0,2.0,2.0,gini
dt,61,0.6805757771791348,0.8962244052262092,0.8188967136150234,0.005875383536898312,0.04610697881196286,High,0.0007,,,,,,,,,,,,,,,,,10.0,6.0,4.0,entropy
dt,62,0.7058763822730659,0.8774985374414976,0.8146517996870111,0.006636000852191218,0.036258472471315056,High,0.0005,,,,,,,,,,,,,,,,,6.0,9.0,3.0,entropy
dt,63,0.6807051134844422,0.8976294364274571,0.814651799687011,0.005739057660585871,0.04464889540085626,High,0.0003,,,,,,,,,,,,,,,,,14.0,10.0,4.0,entropy
dt,64,0.6777504148460411,0.9001250487519501,0.8006064162754305,0.006238180932286707,0.040952000476463135,High,0.0,,,,,,,,,,,,,,,,,8.0,6.0,2.0,entropy
dt,65,0.6732775092804103,0.9374222406396256,0.7795970266040688,0.004701837392522104,0.03543983910788617,High,0.0,,,,,,,,,,,,,,,,,15.0,6.0,1.0,gini
dt,66,0.6982902135043156,0.8927912929017161,0.8033646322378717,0.003798344189018959,0.0350248062445187,High,0.0,,,,,,,,,,,,,,,,,10.0,3.0,4.0,gini
dt,67,0.716837623127163,0.8540880947737909,0.8273278560250391,0.0066040987034676904,0.03683007763262535,High,0.0587,,,,,,,,,,,,,,,,,4.0,6.0,2.0,entropy
dt,68,0.6765047383176195,0.9795566010140406,0.7794992175273866,0.004956385418799159,0.03433149306992238,High,0.0,,,,,,,,,,,,,,,,,14.0,2.0,1.0,gini
dt,69,0.6937905317518986,0.8960671801872075,0.8104068857589984,0.006215657612256747,0.0388721180023666,High,0.0001,,,,,,,,,,,,,,,,,8.0,7.0,3.0,entropy
dt,70,0.6802905206653768,0.9065237421996881,0.7921752738654148,0.006738868338747484,0.037294917733346006,High,0.0,,,,,,,,,,,,,,,,,14.0,9.0,2.0,gini
dt,71,0.6869825324409361,0.8559596821372855,0.832942097026604,0.006281498774903874,0.04865318819522264,Low,0.1918,,,,,,,,,,,,,,,,,4.0,4.0,3.0,gini
dt,72,0.6349537503651592,0.8013436037441497,0.7908841940532081,0.005069664257969427,0.05197681456268296,Low,0.5625,,,,,,,,,,,,,,,,,2.0,2.0,4.0,gini
dt,73,0.7203577464661189,0.8709443252730109,0.8202073552425665,0.004689377296691549,0.03328320292548253,High,0.0013,,,,,,,,,,,,,,,,,5.0,2.0,1.0,entropy
dt,74,0.6896577255847349,0.8322413709048362,0.8160602503912363,0.004573811985627129,0.042134174935500444,Low,0.2809,,,,,,,,,,,,,,,,,3.0,3.0,1.0,entropy
dt,75,0.7275001294488223,0.8871728744149767,0.8286580594679187,0.005913833978586545,0.033719310006365494,High,0.0005,,,,,,,,,,,,,,,,,7.0,10.0,2.0,entropy
dt,76,0.6896577255847349,0.8322413709048362,0.8160602503912363,0.004573811985627129,0.042134174935500444,Low,0.2809,,,,,,,,,,,,,,,,,3.0,3.0,2.0,entropy
dt,77,0.7375315303223315,0.9311805284711389,0.8076095461658841,0.005721062139609049,0.02335933861451752,High,0.0,,,,,,,,,,,,,,,,,10.0,4.0,1.0,entropy
dt,78,0.6752186447891452,0.9176040854134164,0.7949921752738653,0.006889237791363476,0.03992451016157338,High,0.0,,,,,,,,,,,,,,,,,12.0,10.0,1.0,gini
dt,79,0.6948778849696972,0.8954436427457099,0.7935054773082942,0.0035458680814929202,0.0328758641128657,High,0.0,,,,,,,,,,,,,,,,,15.0,7.0,4.0,gini
dt,80,0.6802905206653768,0.9065237421996881,0.7921752738654148,0.006738868338747484,0.037294917733346006,High,0.0,,,,,,,,,,,,,,,,,14.0,9.0,2.0,gini
dt,81,0.6986027220150269,0.8651684379875195,0.8273082942097026,0.007225672555868988,0.042901857398225225,High,0.027,,,,,,,,,,,,,,,,,5.0,8.0,3.0,gini
dt,82,0.6860215144684303,0.908708073322933,0.79358372456964,0.0048426535826549535,0.035854070033736564,High,0.0,,,,,,,,,,,,,,,,,11.0,6.0,3.0,gini
dt,83,0.6710749520127616,0.9210391478159126,0.7894561815336464,0.006989231677575362,0.03946040984029493,High,0.0,,,,,,,,,,,,,,,,,11.0,3.0,2.0,gini
dt,84,0.6799085247732103,0.8798388748049921,0.8104264475743349,0.007940193938778954,0.04350597426704153,High,0.0009,,,,,,,,,,,,,,,,,6.0,2.0,3.0,gini
dt,85,0.637460516061024,0.7971292414196568,0.7866784037558686,0.005381344179963951,0.04973929589828154,Low,0.5461,,,,,,,,,,,,,,,,,2.0,3.0,3.0,entropy
dt,86,0.7113197356226344,0.9503749024960998,0.7893974960876369,0.004227992288962585,0.026025920155000846,High,0.0,,,,,,,,,,,,,,,,,15.0,4.0,1.0,entropy
dt,87,0.6992944065307087,0.9035596236349454,0.7949530516431924,0.005677553400946435,0.03188621503749458,High,0.0,,,,,,,,,,,,,,,,,14.0,9.0,3.0,gini
dt,88,0.7256242111265785,0.9177600916536661,0.8174491392801253,0.004227082588271016,0.030608309384515586,High,0.0,,,,,,,,,,,,,,,,,13.0,10.0,1.0,entropy
dt,89,0.6987143262850071,0.9185396353354133,0.797809076682316,0.005118557768435347,0.033031583465769655,High,0.0,,,,,,,,,,,,,,,,,9.0,7.0,1.0,gini
dt,90,0.7139462195766291,0.8960674239469579,0.8104068857589984,0.006210976058581105,0.032153555394123116,High,0.0,,,,,,,,,,,,,,,,,8.0,8.0,2.0,entropy
dt,91,0.6840628814549505,0.8954433989859595,0.7991392801251956,0.0034844294709930196,0.03835879955674837,High,0.0,,,,,,,,,,,,,,,,,12.0,3.0,4.0,gini
dt,92,0.6349537503651592,0.8013436037441497,0.7908841940532081,0.005069664257969427,0.05197681456268296,Low,0.5625,,,,,,,,,,,,,,,,,2.0,8.0,1.0,gini
dt,93,0.7154591156782804,0.9080835608424337,0.8160211267605634,0.005900471780103552,0.03352067036076103,High,0.0,,,,,,,,,,,,,,,,,9.0,10.0,1.0,entropy
dt,94,0.6958374238065757,0.9062112421996881,0.7893388106416276,0.00459536569966819,0.031167128945017324,High,0.0,,,,,,,,,,,,,,,,,15.0,8.0,3.0,gini
dt,95,0.6868637245226897,0.8768745124804992,0.8160602503912363,0.006891700662913719,0.04306550862284886,High,0.0021,,,,,,,,,,,,,,,,,6.0,10.0,3.0,entropy
dt,96,0.7044486341231465,0.9029353549141966,0.8117762128325507,0.005721195551112349,0.03577585956980142,High,0.0,,,,,,,,,,,,,,,,,14.0,10.0,3.0,entropy
dt,97,0.6896577255847349,0.8322413709048362,0.8160602503912363,0.004573811985627129,0.042134174935500444,Low,0.2809,,,,,,,,,,,,,,,,,3.0,8.0,1.0,entropy
dt,98,0.6797705394653664,0.8564277008580344,0.8287167449139281,0.0067318330585138305,0.04964873514952058,Low,0.1302,,,,,,,,,,,,,,,,,4.0,7.0,2.0,gini
dt,99,0.637460516061024,0.7971292414196568,0.7866784037558686,0.005381344179963951,0.04973929589828154,Low,0.5461,,,,,,,,,,,,,,,,,2.0,4.0,4.0,entropy
dt,100,0.5759992718514176,0.786050604524181,0.7810054773082943,0.007824626265181017,0.06833540181895888,Low,0.8306,,,,,,,,,,,,,,,,,1.0,7.0,3.0,entropy
dt,101,0.6982902135043156,0.8927912929017161,0.8033646322378717,0.003798344189018959,0.0350248062445187,High,0.0,,,,,,,,,,,,,,,,,10.0,5.0,4.0,gini
dt,102,0.5759992718514176,0.786050604524181,0.7810054773082943,0.007824626265181017,0.06833540181895888,Low,0.8306,,,,,,,,,,,,,,,,,1.0,8.0,2.0,gini
dt,103,0.6871016811937543,0.8948193740249609,0.7977308294209703,0.0037610071057065657,0.036876382742405366,High,0.0,,,,,,,,,,,,,,,,,11.0,2.0,4.0,gini
dt,104,0.6850976405699782,0.8857693057722308,0.8104068857589984,0.006087751190291742,0.041769748396340046,High,0.0004,,,,,,,,,,,,,,,,,6.0,6.0,1.0,entropy
dt,105,0.6892603004073551,0.8987207488299532,0.8020344287949921,0.0057682739751650685,0.03759137612921233,High,0.0,,,,,,,,,,,,,,,,,8.0,6.0,3.0,gini
dt,106,0.6948778849696972,0.8954436427457099,0.7935054773082942,0.0035458680814929202,0.0328758641128657,High,0.0,,,,,,,,,,,,,,,,,13.0,6.0,4.0,gini
dt,107,0.6805757771791348,0.8962244052262092,0.8188967136150234,0.005875383536898312,0.04610697881196286,High,0.0007,,,,,,,,,,,,,,,,,10.0,3.0,4.0,entropy
dt,108,0.684537535608348,0.8909192180187209,0.8076291079812206,0.009615048032963846,0.04103052412429087,High,0.0001,,,,,,,,,,,,,,,,,6.0,6.0,1.0,gini
dt,109,0.6740450858569751,0.8675095066302652,0.8258998435054773,0.00663266423734213,0.05061825254950075,High,0.0362,,,,,,,,,,,,,,,,,5.0,2.0,2.0,gini
dt,110,0.6707132208976321,0.9172935354914197,0.799197965571205,0.007423259767049225,0.0428282482245243,High,0.0,,,,,,,,,,,,,,,,,10.0,3.0,2.0,gini
dt,111,0.6896577255847349,0.8322413709048362,0.8160602503912363,0.004573811985627129,0.042134174935500444,Low,0.2809,,,,,,,,,,,,,,,,,3.0,6.0,4.0,entropy
dt,112,0.678049202472182,0.8664167316692668,0.8273082942097026,0.007362109268581996,0.049753030579173525,High,0.0434,,,,,,,,,,,,,,,,,5.0,9.0,2.0,gini
dt,113,0.6926114281140758,0.8877968993759751,0.8104264475743349,0.008205938446879791,0.039271673153419694,High,0.0002,,,,,,,,,,,,,,,,,7.0,7.0,3.0,gini
dt,114,0.6824555511698486,0.8929468116224649,0.8216940532081377,0.005268078208325881,0.046412834012763034,High,0.0012,,,,,,,,,,,,,,,,,9.0,9.0,4.0,entropy
dt,115,0.6948778849696972,0.8946636115444617,0.7935054773082942,0.003690283329302272,0.0328758641128657,High,0.0,,,,,,,,,,,,,,,,,13.0,9.0,4.0,gini
dt,116,0.6978262664963117,0.8929480304212168,0.8076095461658843,0.009084740148506704,0.03659442655652421,High,0.0,,,,,,,,,,,,,,,,,7.0,6.0,2.0,gini
dt,117,0.7106976584371102,0.923376803822153,0.806201095461659,0.005427467748530396,0.03183447900818292,High,0.0,,,,,,,,,,,,,,,,,10.0,6.0,1.0,entropy
dt,118,0.5759992718514176,0.786050604524181,0.7810054773082943,0.007824626265181017,0.06833540181895888,Low,0.8306,,,,,,,,,,,,,,,,,1.0,8.0,1.0,entropy
dt,119,0.6740450858569751,0.8675095066302652,0.8258998435054773,0.00663266423734213,0.05061825254950075,High,0.0362,,,,,,,,,,,,,,,,,5.0,4.0,2.0,gini
